CustomerID,Recency,Frequency,Monetary
12346,165,11,372.86
12347,3,2,1323.32
12348,74,1,222.15999999999997
12349,43,3,2671.14
12351,11,1,300.93
12352,11,2,343.8
12353,44,1,317.76
12355,203,1,488.21000000000004
12356,16,3,3560.3
12357,24,2,12079.99
12358,11,3,2719.01
12359,61,6,2563.36
12360,15,5,1590.83
12361,98,3,321.35
12362,374,1,130.0
12366,269,1,500.24
12368,264,1,917.7
12369,49,3,1791.15
12370,260,3,774.62
12371,45,3,2179.42
12373,260,2,763.0500000000001
12374,57,3,2246.29
12376,25,2,503.15
12377,17,2,1798.2
12378,198,1,1407.7
12379,58,2,767.98
12380,101,7,6951.49
12385,15,1,1938.4
12386,2,1,258.90000000000003
12387,51,1,143.94
12388,81,2,1120.45
12389,38,3,1433.33
12391,100,5,2285.18
12392,227,1,234.75000000000003
12393,18,2,816.85
12395,7,4,2048.64
12396,310,1,931.4300000000001
12399,21,3,853.65
12400,50,1,205.25
12402,28,5,1031.3
12403,157,1,591.6600000000001
12404,318,1,63.24
12406,35,3,2975.06
12408,21,3,1452.22
12409,56,4,12346.62
12410,138,1,320.38
12411,45,1,346.9
12412,38,3,1370.05
12413,38,1,241.35
12414,99,3,390.0
12415,11,7,19543.84
12416,292,1,202.56
12417,46,11,3148.31
12418,49,3,1352.62
12419,21,2,503.01
12421,51,2,291.56
12422,30,14,4428.24
12423,23,2,763.08
12424,58,2,1579.07
12425,84,1,964.21
12426,298,1,762.48
12427,7,1,303.5
12429,1,5,3735.51
12431,9,13,4370.52
12433,2,5,7205.39
12434,17,1,297.29
12435,32,4,6096.04
12437,31,21,7731.99
12439,318,2,1142.88
12440,98,2,859.2
12441,2,1,173.55
12443,368,1,485.31
12445,56,1,301.58000000000004
12449,46,2,768.6
12450,35,3,490.32
12451,99,3,3634.36
12454,31,4,13151.44
12455,81,4,3413.09
12457,71,1,632.6800000000001
12458,63,2,830.09
12459,241,1,454.36
12460,92,1,326.65
12466,318,1,56.73
12467,59,1,132.8
12468,162,3,2941.2
12469,158,2,3070.54
12470,325,1,211.95
12471,10,49,20129.54
12472,5,13,11308.48
12474,14,13,5048.66
12475,45,1,426.26
12476,32,12,7267.49
12477,35,3,7056.63
12480,35,3,2183.2200000000003
12481,1,6,6765.07
12482,212,29,23691.4
12483,14,11,2612.2000000000003
12484,119,6,1826.78
12485,165,1,708.1
12486,67,1,1037.28
12487,366,1,285.3
12490,14,11,4405.71
12492,39,1,452.0
12494,1,3,626.77
12495,276,1,357.4
12496,256,2,45.34
12497,36,2,5205.400000000001
12499,196,1,393.72
12500,71,8,1697.39
12503,220,1,1126.0
12504,53,2,297.0
12505,44,1,955.2
12507,220,1,539.25
12510,95,7,4195.45
12511,64,1,3084.02
12514,277,1,580.08
12516,66,2,1336.56
12519,112,1,385.70000000000005
12523,10,12,2562.58
12524,24,9,6640.39
12525,134,3,973.73
12527,130,2,386.8
12529,164,1,316.48
12530,51,5,2096.98
12531,322,1,1807.98
12533,263,2,1367.89
12537,44,1,732.94
12538,14,1,276.5
12539,86,3,5646.400000000001
12540,14,16,8854.25
12542,120,2,481.88
12543,84,1,980.25
12547,136,1,175.78
12549,211,6,1575.68
12553,21,2,916.47
12554,84,1,468.5
12555,318,1,129.23
12557,7,4,6725.18
12562,21,2,1185.18
12563,44,1,249.24
12567,3,7,4308.58
12568,280,1,70.0
12570,318,1,77.52
12573,17,4,556.87
12575,93,2,622.82
12576,28,3,826.89
12577,17,5,990.5
12578,21,2,1847.94
12580,212,1,637.2
12582,58,2,1469.04
12583,9,13,7166.06
12586,10,3,1865.73
12588,35,3,743.88
12589,57,6,4048.98
12591,26,2,886.1
12592,155,3,2145.06
12594,14,5,1751.89
12595,140,1,299.02
12598,99,3,1511.01
12599,17,6,1264.14
12600,7,12,2444.88
12601,40,1,104.2
12605,12,4,1232.95
12606,318,1,21.0
12608,40,1,415.79
12609,10,6,2309.01
12613,24,5,3472.9900000000002
12615,49,4,3449.79
12616,24,1,417.8
12619,196,1,140.14
12621,1,16,11086.14
12623,52,6,3442.7400000000002
12625,145,2,2481.06
12629,21,2,1558.22
12631,92,5,2841.07
12632,156,2,804.88
12633,18,3,3514.18
12634,171,2,490.0
12635,28,2,1241.23
12636,374,1,141.0
12637,14,4,2280.91
12638,275,1,249.8
12639,70,2,826.27
12643,21,6,4960.18
12644,66,3,1440.58
12645,45,4,1764.12
12647,3,27,14201.53
12648,73,3,793.95
12649,18,5,1671.14
12651,14,3,263.75
12652,70,1,97.05000000000001
12653,162,1,1950.98
12655,59,1,261.35
12656,61,3,2356.66
12661,72,1,162.0
12662,9,10,3138.2400000000002
12663,260,2,239.4
12664,150,2,1188.16
12665,53,2,250.6
12666,30,1,1248.42
12668,14,6,7575.88
12670,21,2,764.24
12671,242,1,2622.481
12672,231,1,211.15
12673,37,1,619.5
12675,189,2,957.25
12676,44,5,1511.7
12677,191,2,395.1
12678,11,9,16652.72
12681,3,24,17080.74
12682,1,23,11745.69
12683,1,8,4220.21
12686,7,1,89.14
12687,116,2,2138.91
12691,56,1,134.6
12692,273,1,110.95
12693,32,3,847.11
12694,57,1,973.68
12695,164,3,825.02
12696,70,2,851.91
12698,226,1,339.75
12699,53,1,638.11
12701,165,4,1648.7
12703,269,3,722.98
12705,19,5,4893.81
12708,4,9,2601.19
12709,2,20,21107.94
12711,247,2,1339.05
12712,1,10,2797.53
12714,24,7,9384.85
12717,226,1,277.93
12720,5,6,2478.94
12721,21,2,1356.95
12724,19,3,1286.11
12725,7,4,2266.76
12726,23,4,1405.5
12727,78,3,1698.8300000000002
12728,19,1,233.84
12730,157,1,829.25
12731,78,5,6879.8
12733,25,3,2040.92
12734,10,2,529.25
12737,134,2,3710.5
12738,8,1,155.35
12739,21,2,1713.69
12741,165,2,406.07
12742,261,1,1201.52
12744,95,4,4037.77
12745,122,3,925.41
12746,176,1,254.55
12747,5,16,5061.03
12748,1,144,22457.9
12749,35,4,2806.48
12751,80,1,268.27
12755,1,10,5218.71
12758,95,5,7111.650000000001
12759,22,5,3489.3
12760,91,1,347.8
12761,93,2,782.95
12763,5,1,320.08
12765,108,6,1404.58
12766,2,3,3078.65
12767,11,1,949.82
12768,86,1,168.69
12770,92,1,1895.0
12771,121,1,282.3
12773,200,1,124.25
12774,171,1,98.7
12775,24,2,300.08000000000004
12776,303,1,55.5
12777,93,1,519.45
12778,32,3,953.4499999999999
12779,7,7,2740.91
12780,234,1,337.4
12782,10,6,2287.32
12784,165,1,1230.33
12785,171,2,788.45
12786,245,1,728.5000000000001
12787,49,1,398.52
12788,99,4,444.90000000000003
12789,148,2,181.5
12790,46,1,266.93
12791,9,6,863.51
12792,170,1,426.47
12793,7,2,471.85
12796,264,1,381.0
12797,1,2,552.08
12798,57,1,1533.89
12799,165,1,219.35
12800,106,3,584.25
12801,136,1,1071.82
12802,78,6,1988.84
12803,29,1,1092.81
12804,101,2,325.37
12805,17,4,1434.95
12806,71,4,2878.96
12807,19,1,330.35
12808,4,3,422.45
12809,201,2,1266.63
12810,170,2,534.99
12811,14,2,519.0500000000001
12813,137,3,1687.8
12817,35,2,524.94
12819,94,1,540.52
12820,33,7,1747.18
12821,247,1,128.08
12823,30,13,4742.0
12825,157,2,518.63
12826,1,6,1481.03
12829,186,1,92.3
12831,99,2,236.06
12835,63,41,5996.83
12836,25,11,3949.37
12837,205,1,528.5600000000001
12838,9,9,2694.75
12839,3,13,4480.31
12840,73,3,1315.2
12841,5,17,3472.61
12842,40,2,799.0
12843,18,22,4881.1
12844,78,2,322.64
12846,318,1,15.58
12847,23,1,765.36
12848,311,1,208.0
12849,17,4,2032.18
12850,81,1,330.0
12851,113,1,148.95
12853,63,5,1950.4
12854,197,4,1654.72
12855,8,4,612.84
12857,72,4,2581.6
12858,19,1,147.27
12859,94,1,575.1
12860,329,1,54.22
12861,255,1,68.25
12862,61,2,984.62
12863,15,5,2271.35
12864,144,1,152.45
12865,14,2,1755.24
12866,110,2,668.23
12867,33,6,3819.92
12868,9,3,640.0
12869,317,1,337.66999999999996
12870,11,3,1676.95
12871,75,1,363.38
12872,1,11,3062.52
12873,33,2,1653.3
12874,21,2,948.42
12875,107,3,1013.7600000000001
12876,30,2,1863.77
12877,37,8,1406.3700000000001
12880,17,2,640.13
12887,19,1,222.4
12889,17,4,385.46000000000004
12890,23,1,329.3
12891,94,8,509.5
12892,32,1,263.38
12894,211,1,157.35
12897,17,2,297.75
12898,99,2,296.21
12899,49,1,366.4
12900,58,1,340.33000000000004
12903,64,1,833.5300000000001
12905,212,2,1018.42
12907,31,2,508.91
12908,16,3,1026.0
12909,60,3,924.52
12910,15,5,2721.48
12911,187,1,1651.72
12913,4,9,4217.23
12914,36,1,223.98
12915,8,3,811.1
12916,78,3,1534.78
12917,36,5,3765.2
12918,262,1,10953.5
12920,207,3,323.86
12921,2,39,19333.95
12923,26,2,597.6
12924,29,8,1535.7
12925,228,1,35.28
12926,47,4,1523.97
12927,30,1,197.31
12928,14,7,2242.19
12931,16,42,50291.38
12932,175,8,1698.56
12933,16,5,1029.1
12934,372,1,181.65
12935,11,8,2083.16
12937,99,5,1593.34
12939,15,12,13683.0
12941,360,1,377.49
12942,1,1,258.75
12943,194,2,496.5
12945,292,1,437.16
12946,72,1,324.45
12947,9,1,304.04
12948,366,2,252.48
12949,18,14,11359.48
12951,22,9,2149.65
12953,158,1,498.96
12954,274,1,162.45
12956,320,3,413.82
12957,177,5,4689.43
12958,36,2,467.34
12959,120,1,150.95
12960,49,4,1322.0700000000002
12961,15,1,211.99
12963,1,5,1744.96
12964,73,1,132.24
12967,7,2,2646.02
12969,238,1,122.45
12970,16,6,1048.13
12971,2,33,4782.88
12972,49,4,1161.2
12973,49,1,385.55
12974,201,1,264.15
12975,72,6,2100.09
12976,14,7,2417.78
12977,137,3,474.64
12978,21,5,2502.82
12979,365,1,517.7
12980,22,12,8870.880000000001
12982,30,7,2354.27
12983,234,1,490.08
12986,64,10,2729.84
12987,56,3,753.51
12989,60,18,6627.64
12990,53,4,546.0
12991,25,1,261.06
12992,361,1,93.35
12993,81,4,844.87
12996,11,1,355.5
12997,30,4,884.02
12998,128,3,920.08
13000,361,1,497.65
13001,40,20,14256.68
13002,52,2,293.18
13004,22,18,5994.94
13005,67,2,485.98
13007,215,1,175.25
13008,33,2,382.66
13009,308,1,234.0
13010,10,2,330.12
13011,8,1,50.550000000000004
13012,65,3,1310.99
13013,7,18,7814.83
13014,68,1,1914.8
13015,74,6,3240.14
13018,49,7,2485.46
13019,15,6,1229.95
13020,198,2,618.96
13021,10,8,2270.86
13022,65,1,65.3
13023,164,1,759.13
13024,106,2,555.87
13025,367,1,323.39
13026,124,4,757.72
13027,21,13,10327.2
13029,10,2,679.8
13030,4,1,402.36
13031,43,5,3292.84
13032,28,7,1805.78
13033,65,1,30.0
13034,5,2,279.91
13035,67,1,442.32
13036,320,1,307.1
13037,35,9,3033.88
13039,220,4,1010.73
13041,86,4,799.13
13042,234,3,1488.59
13044,128,10,4287.58
13045,37,2,503.64
13046,92,1,319.94
13047,9,17,5557.62
13048,72,5,2229.7200000000003
13049,25,2,751.5600000000001
13050,2,19,6477.67
13051,214,2,155.8
13052,56,6,2771.18
13053,257,1,127.65
13055,65,1,1106.7
13056,187,1,209.48
13057,166,3,709.59
13059,49,9,2108.37
13063,116,1,188.4
13064,186,2,561.25
13065,9,5,1055.05
13067,45,2,393.05
13069,5,16,5185.51
13070,95,3,522.9
13071,248,1,129.22
13073,47,2,418.08
13074,147,4,1378.74
13076,93,1,135.4
13077,2,8,2326.35
13078,2,32,16904.51
13079,53,1,199.08
13080,37,3,222.65
13081,7,19,30867.77
13082,60,12,3722.12
13083,61,1,91.67999999999999
13084,127,1,122.39999999999999
13085,315,6,2017.2
13086,18,1,439.33000000000004
13087,362,1,313.64
13088,53,1,236.11
13089,4,109,57885.45
13090,1,13,5189.32
13091,365,2,1976.0
13092,50,7,1662.45
13093,9,48,47111.18
13094,4,2,505.80000000000007
13096,30,1,419.7000000000001
13097,24,18,7320.88
13101,134,3,594.21
13102,1,14,5272.83
13103,73,2,465.70000000000005
13104,51,3,610.62
13105,72,1,72.0
13106,49,1,526.96
13107,49,5,3721.45
13108,8,2,748.46
13109,187,1,347.49
13110,73,5,1468.8
13111,354,1,321.88000000000005
13112,177,1,20.599999999999998
13113,2,14,6357.08
13114,366,1,234.38
13115,15,6,3199.92
13117,1,12,1658.9
13118,12,4,1217.6
13119,304,1,134.9
13123,108,2,506.75
13124,21,1,885.33
13125,159,1,148.62
13126,2,7,1898.61
13128,267,1,263.5
13129,88,2,233.25
13131,54,4,2240.4700000000003
13133,95,1,90.65
13134,38,2,681.65
13135,127,1,275.45
13136,11,8,3666.9500000000003
13137,22,8,3983.65
13138,8,2,504.85
13139,73,1,3138.04
13140,2,3,790.71
13141,21,12,5267.33
13143,220,1,405.1
13144,67,1,24.4
13145,8,4,805.0
13148,25,14,4814.56
13150,120,3,449.96999999999997
13151,261,2,1207.3400000000001
13152,53,7,2146.38
13154,35,3,1624.84
13155,4,3,778.4200000000001
13156,21,3,1586.54
13157,45,5,3946.14
13158,24,1,307.12
13161,136,1,359.38
13162,16,12,7587.2
13163,246,1,17.65
13164,205,2,372.2
13165,49,1,429.68
13166,50,1,458.73
13167,26,1,333.82
13168,178,1,541.14
13169,198,1,127.2
13172,36,1,69.6
13173,3,10,2212.11
13174,5,10,6621.6
13175,218,2,831.45
13177,66,1,229.75
13178,33,10,8333.72
13179,254,1,572.3100000000001
13180,243,1,86.10000000000001
13181,17,1,359.69
13183,30,6,3078.4
13187,260,3,105.34
13190,180,3,570.66
13191,294,1,164.69
13192,171,4,1646.64
13194,57,1,412.08
13195,50,1,136.73
13196,79,3,1271.06
13197,245,1,373.01000000000005
13198,23,2,1572.99
13199,2,30,6615.77
13201,138,4,1233.06
13202,30,7,1580.3
13203,22,6,1778.79
13204,367,1,966.6600000000001
13205,79,1,2803.2
13206,36,13,8308.19
13207,87,2,285.6
13208,85,3,758.65
13209,150,5,2617.9
13211,17,7,1523.35
13213,19,6,2330.94
13214,53,7,3264.23
13215,38,1,81.6
13217,291,1,132.5
13219,254,1,76.23
13220,211,1,516.8
13222,213,1,88.5
13223,59,4,805.92
13225,57,9,9796.23
13226,29,1,204.25
13230,1,17,3457.83
13233,56,2,571.34
13234,308,2,346.5
13237,23,1,643.0
13238,66,2,305.9
13239,73,4,1265.1299999999999
13240,1,5,1036.21
13241,47,1,112.53
13242,87,4,429.0
13243,85,4,635.26
13245,68,1,558.72
13246,29,5,1390.23
13249,37,6,897.52
13250,96,2,253.09
13251,38,1,252.68
13252,30,2,399.3
13253,66,2,1920.71
13254,12,1,51.41
13255,9,2,504.95
13257,72,1,149.75
13258,15,2,336.59999999999997
13259,33,8,1119.36
13262,25,2,373.16
13263,29,4,1239.27
13264,78,1,722.5600000000001
13266,49,7,2300.78
13267,2,18,5236.77
13269,5,14,3545.47
13270,2,1,590.0
13274,45,1,360.85
13275,19,2,238.86
13276,33,3,1300.98
13277,16,3,264.9
13278,35,3,893.12
13280,15,4,1494.8700000000001
13281,75,1,350.85
13282,42,1,181.05
13283,203,2,279.7
13285,236,2,655.47
13286,236,1,734.91
13287,239,3,781.59
13288,79,5,927.61
13289,359,1,307.95
13290,74,1,208.63
13291,50,10,2909.68
13292,51,3,415.57
13293,28,6,1192.94
13294,282,1,815.79
13295,12,3,900.77
13296,59,5,705.11
13297,21,3,2278.77
13299,59,2,1076.2
13300,24,2,913.62
13302,162,1,95.45
13303,36,1,61.72
13304,91,3,917.57
13305,8,7,1751.75
13306,66,1,53.65
13307,123,2,258.34
13308,232,1,284.86
13309,28,1,249.58
13310,16,2,409.17
13312,87,1,124.75
13313,115,7,1890.0
13315,325,1,310.26000000000005
13316,28,6,7207.89
13317,21,13,4212.411
13319,1,34,11236.95
13320,70,2,679.4
13324,64,8,3391.52
13326,68,1,281.76
13327,1,14,6251.71
13329,2,7,4323.97
13330,91,3,1655.17
13331,37,1,262.4
13333,47,3,1015.74
13334,172,2,2699.48
13337,182,1,1575.26
13338,177,3,1958.6
13340,53,5,11364.08
13346,98,6,299.4
13357,130,4,3196.11
13359,39,1,603.75
13360,67,4,1553.65
13361,108,2,1450.5
13362,14,3,2303.33
13363,45,1,731.36
13367,67,1,510.2
13368,50,2,498.1
13369,1,1,308.28000000000003
13370,7,1,754.87
13371,141,2,2297.66
13373,51,3,4274.94
13374,50,2,422.8
13375,80,1,1013.58
13377,32,2,1552.88
13380,68,1,62.4
13381,15,6,4585.06
13382,64,4,1164.5900000000001
13383,179,1,305.28000000000003
13384,26,4,2528.9
13386,50,2,835.46
13387,53,1,186.94
13388,239,1,508.55
13392,313,1,91.14
13393,219,4,1131.45
13394,15,11,4101.68
13395,36,2,872.51
13397,73,5,1647.74
13398,84,1,213.0
13399,100,3,275.4
13400,218,1,310.83
13402,8,3,913.9
13403,23,2,154.5
13405,117,3,641.36
13406,63,2,568.92
13407,214,3,2244.7
13408,7,46,23616.422
13410,29,4,1198.9
13412,256,1,487.35
13413,275,6,429.44
13414,99,3,1103.64
13415,108,4,784.17
13416,372,1,228.3
13417,183,4,1028.66
13418,8,15,6055.47
13421,42,6,2225.04
13423,64,1,217.03
13424,85,1,572.77
13425,144,2,1766.22
13426,18,12,4526.06
13427,113,3,423.93
13428,150,2,276.76
13431,42,6,2047.14
13432,207,2,439.1
13433,137,4,658.32
13434,21,3,1132.6200000000001
13435,12,2,637.44
13438,183,1,46.5
13439,24,2,702.9
13440,59,7,1295.25
13441,67,1,424.26
13442,303,3,419.87
13443,84,6,1273.16
13444,10,2,619.08
13445,262,1,241.89999999999998
13446,66,11,3881.89
13448,9,9,5655.2
13450,10,7,2076.32
13451,17,6,4191.8
13452,108,1,139.8
13453,38,1,424.71
13454,277,1,219.87
13455,2,5,1847.5900000000001
13457,324,2,148.22
13458,15,2,2312.7000000000003
13459,260,2,1160.41
13461,43,3,2715.0
13462,46,4,1002.35
13464,30,5,2422.96
13465,82,2,931.12
13466,44,4,705.45
13468,4,38,7670.54
13469,289,1,82.4
13472,99,2,592.24
13473,210,6,2235.12
13474,79,2,419.75
13476,42,3,823.0
13477,91,5,1364.5900000000001
13478,105,5,2215.78
13479,88,2,550.42
13480,52,2,627.82
13481,10,6,2026.28
13482,263,1,151.45
13484,19,2,476.92
13485,12,10,2564.98
13487,141,2,271.47
13488,3,11,6619.57
13490,290,1,154.25
13491,8,18,3350.7400000000002
13495,4,6,3329.39
13497,4,5,972.2800000000001
13498,366,1,327.38
13500,37,1,299.53
13501,122,2,1544.79
13502,51,2,488.5
13503,115,5,1642.39
13506,5,4,1180.68
13508,278,1,176.07999999999998
13509,143,1,135.0
13510,11,7,2766.73
13511,312,1,282.76
13512,23,3,462.18
13513,77,2,619.49
13514,64,3,663.7
13515,85,2,374.7
13516,53,1,295.85
13519,78,1,220.46
13520,7,6,3285.05
13523,2,2,1136.64
13526,374,2,1182.0
13527,54,5,2298.93
13530,270,1,402.98
13531,2,5,1254.72
13534,15,10,1850.82
13535,38,1,89.5
13537,61,2,717.85
13538,32,5,1822.28
13539,56,4,938.02
13540,103,3,632.39
13541,63,2,785.25
13542,12,17,3959.4900000000002
13543,270,2,1439.61
13544,47,4,514.14
13545,26,2,364.93
13546,18,2,465.15
13547,44,1,167.08
13548,107,1,223.28
13549,23,1,87.6
13550,19,1,342.55
13551,302,1,152.39999999999998
13552,64,10,3208.85
13553,310,1,499.6
13554,16,7,1629.35
13555,14,9,4792.96
13556,65,2,200.82
13557,51,11,2448.2
13559,148,2,990.0
13561,33,10,1661.54
13562,37,5,3038.85
13564,4,35,15310.35
13565,47,1,174.57999999999998
13566,70,3,831.76
13567,64,4,1079.29
13569,3,3,497.74
13571,18,14,2448.32
13573,15,4,614.27
13574,47,1,404.45
13576,9,11,4834.4
13577,18,7,1801.68
13578,45,1,147.66
13579,5,4,1072.0
13580,42,1,107.75
13581,50,1,162.53
13582,25,2,241.68
13583,315,1,664.001
13584,134,2,243.3
13585,166,3,684.54
13586,177,1,127.28
13587,85,3,961.1
13589,85,4,741.09
13590,11,12,4354.12
13591,71,4,976.81
13593,23,9,3481.4100000000003
13594,121,1,136.35000000000002
13595,152,3,784.48
13597,36,2,396.71
13598,131,4,601.92
13599,2,14,5013.96
13600,270,1,298.9
13601,28,2,466.67
13602,17,3,596.28
13604,294,1,717.62
13605,23,2,522.67
13607,38,1,400.3
13608,176,1,232.05
13609,229,1,167.35
13610,23,7,1021.38
13611,10,7,2143.53
13612,268,1,818.29
13613,88,5,1039.8500000000001
13614,29,2,747.28
13615,35,7,5854.84
13616,204,2,283.85
13617,44,5,734.57
13619,180,2,224.94
13620,164,1,112.34
13622,332,1,658.95
13623,16,5,1805.32
13624,24,1,462.08
13625,232,1,301.26
13626,15,1,449.81
13627,124,2,607.43
13628,312,1,310.14
13629,49,8,5578.5
13632,30,3,1526.88
13634,10,11,3486.41
13635,78,3,1928.13
13639,72,1,312.93
13640,247,1,405.0
13641,276,5,1016.47
13642,68,3,159.92
13643,18,7,1637.33
13646,35,2,326.25
13647,130,4,1393.56
13648,36,8,1764.02
13649,2,5,1304.88
13650,10,4,1451.66
13651,17,1,132.65
13652,4,3,1475.77
13653,123,1,152.2
13654,16,5,3600.67
13655,10,4,1347.54
13656,135,2,699.2
13658,19,4,3386.33
13659,52,10,3321.68
13660,36,1,306.64
13661,239,1,325.24
13662,21,8,1352.35
13663,16,4,1858.04
13665,22,3,1711.66
13666,56,2,43.25
13668,19,14,6638.650000000001
13669,43,1,195.0
13671,30,1,172.6
13672,366,1,233.53
13674,68,1,240.68
13676,175,2,243.9
13677,40,2,551.24
13679,129,3,281.26
13680,107,8,7700.55
13683,93,1,258.6
13684,26,3,529.75
13686,16,2,337.04
13687,74,1,11880.84
13688,271,1,375.5
13689,80,1,349.5
13691,32,1,212.78
13692,44,2,1626.08
13693,10,9,2011.8200000000002
13694,9,94,131443.19
13695,213,1,266.6
13696,57,3,2020.4
13698,232,2,451.73
13699,186,1,455.57
13700,53,3,348.34
13701,82,1,161.0
13702,81,1,135.18
13703,51,1,326.06
13705,9,5,1323.47
13706,262,1,300.38
13707,65,3,2559.45
13709,82,5,1263.7
13710,59,2,329.04
13711,42,7,1540.2
13712,246,1,537.58
13713,44,3,740.76
13714,101,1,161.35
13715,8,13,7348.3
13717,93,2,318.29
13719,29,6,1741.4
13721,31,1,217.39999999999998
13722,56,7,3260.0
13723,28,5,994.23
13724,273,1,213.01
13727,247,6,740.6700000000001
13728,23,10,1839.03
13729,71,3,724.73
13733,46,2,487.03000000000003
13734,144,4,6695.6900000000005
13735,12,9,6879.2300000000005
13736,61,5,2022.67
13738,32,1,434.78000000000003
13739,163,1,75.3
13740,51,4,1232.02
13745,182,1,477.32
13746,49,1,176.69
13747,9,2,169.8
13748,9,5,1320.1
13750,16,6,1954.92
13752,163,1,404.45000000000005
13753,234,3,1353.31
13754,73,1,164.45
13756,3,10,3999.2300000000005
13757,310,1,195.55
13758,2,10,6226.43
13760,40,3,1076.85
13761,138,4,881.52
13762,229,4,2165.76
13763,53,2,3502.48
13764,205,3,1400.2
13765,289,1,352.821
13766,131,1,190.35
13767,5,39,18320.170000000002
13768,362,2,875.97
13769,3,11,3003.9100000000003
13770,58,4,785.37
13771,169,5,3094.37
13772,36,5,1977.39
13773,32,2,301.54
13775,226,1,1049.66
13776,64,2,623.98
13777,2,37,30501.260000000002
13778,127,3,945.79
13779,151,1,161.13
13780,43,1,372.06
13781,228,2,650.99
13782,89,7,877.22
13783,123,4,1542.09
13784,70,3,447.44
13785,64,4,542.49
13786,3,6,3127.9900000000002
13787,94,4,913.46
13788,141,1,3.75
13789,24,1,239.46
13792,58,1,188.4
13793,282,1,96.0
13794,182,1,126.03
13795,24,4,836.3
13796,135,1,289.7
13797,72,3,1179.45
13798,8,54,38683.02
13799,80,7,2114.71
13800,66,2,1121.24
13802,10,16,21659.69
13803,67,2,1061.84
13804,71,2,572.73
13807,3,3,422.2
13809,30,2,524.65
13813,163,4,1398.6100000000001
13814,163,1,678.2
13815,42,4,3448.38
13818,65,1,61.28
13819,305,3,1502.0
13820,54,3,652.75
13821,29,4,993.44
13823,16,5,2445.79
13824,15,7,1615.82
13825,257,2,255.59
13829,57,1,102.0
13830,217,1,156.85000000000002
13831,5,13,4795.09
13832,58,1,557.69
13833,40,1,316.56
13834,212,2,324.19
13835,155,3,260.7
13836,35,2,620.37
13838,5,7,1245.91
13839,122,1,139.95000000000002
13840,52,1,651.4
13842,2,10,2244.29
13843,17,1,319.75
13846,35,1,442.73
13847,355,1,310.72
13848,2,6,2080.0
13849,33,3,1931.35
13851,15,5,1955.0
13852,246,1,187.35000000000002
13854,1,15,4144.44
13855,136,4,1310.3400000000001
13856,99,8,753.53
13857,29,6,1001.01
13859,165,1,314.7
13861,65,2,273.26
13862,25,1,346.73
13863,101,3,933.77
13864,22,1,662.4000000000001
13869,17,6,4913.22
13870,23,7,2941.14
13871,64,4,1482.6000000000001
13872,163,3,919.57
13873,19,5,649.32
13874,140,6,1508.7
13875,23,9,3027.58
13877,106,2,332.44
13878,183,3,1145.33
13879,281,1,395.5
13880,3,5,1171.89
13881,11,23,28019.58
13883,39,10,3885.54
13884,12,5,1037.43
13888,40,5,1405.92
13889,18,5,1574.3300000000002
13890,10,4,1043.57
13891,14,3,859.21
13892,113,2,634.68
13895,151,2,1415.45
13896,261,1,388.55
13897,74,2,849.5600000000001
13898,47,1,530.47
13900,25,3,869.64
13901,10,10,2809.14
13902,268,5,34095.26
13903,36,1,165.45000000000002
13905,368,1,312.65
13906,45,1,42.0
13907,327,1,136.8
13909,59,2,282.85
13911,15,11,1654.08
13912,59,1,124.95
13913,142,1,42.22
13915,30,1,70.80000000000001
13916,99,4,1275.81
13919,60,2,975.87
13920,67,4,1774.68
13921,38,4,730.7
13922,73,2,692.95
13927,73,1,359.27
13929,52,9,2651.45
13931,28,9,4019.85
13935,232,3,6116.92
13936,18,2,563.08
13937,38,1,721.28
13939,67,4,992.41
13941,8,11,6009.34
13942,170,1,320.0
13943,213,1,246.54000000000002
13944,289,1,200.43
13945,30,2,854.1500000000001
13946,12,3,1314.66
13948,47,3,446.76
13952,16,12,9572.45
13953,45,5,3125.0
13955,11,1,221.10999999999999
13957,53,3,458.25
13958,15,8,4709.2300000000005
13959,35,3,470.73
13961,28,1,538.4
13962,71,1,193.25
13963,3,14,2347.33
13964,23,2,438.9
13965,112,3,996.61
13966,71,1,384.26
13967,32,1,85.6
13968,59,1,123.66
13969,1,18,4266.88
13970,22,2,846.55
13971,59,6,1909.31
13974,218,1,264.13
13975,29,6,2795.16
13976,142,3,834.38
13977,47,1,519.8100000000001
13979,29,6,2510.06
13980,75,4,568.68
13981,51,1,331.14
13982,1,6,2511.08
13983,2,10,4479.82
13984,2,8,1128.09
13985,10,7,2960.73
13987,15,2,682.54
13988,19,2,609.84
13989,100,3,759.98
13992,16,2,142.7
13993,15,10,3309.35
13995,15,9,2508.32
13996,22,2,895.76
13997,155,3,376.46
13998,82,3,566.7
13999,10,17,5600.45
14000,50,4,1410.68
14001,9,7,2487.01
14003,368,1,209.41
14004,29,4,1675.81
14006,164,4,1234.48
14007,148,1,79.48
14008,68,1,509.04
14009,98,1,404.29999999999995
14010,201,2,445.15
14011,116,2,457.82
14013,16,2,611.55
14014,12,2,1443.03
14016,32,7,7062.2
14017,207,1,229.75
14018,281,1,367.15
14020,112,2,606.21
14021,10,4,1084.68
14022,122,1,352.15000000000003
14024,26,1,318.04
14025,100,8,4057.9
14026,106,2,713.11
14028,186,3,10396.5
14030,2,14,5839.46
14031,1,27,23632.72
14032,2,6,1874.68
14033,191,1,109.44
14035,42,4,1366.73
14037,114,4,689.75
14038,33,2,1509.5
14039,211,1,115.08000000000001
14040,22,23,8963.49
14042,361,1,431.98
14043,127,2,302.59999999999997
14044,54,6,2431.28
14045,9,13,9653.28
14047,8,10,2946.42
14048,18,2,338.76
14049,23,9,7444.68
14051,2,15,6784.01
14052,26,1,241.3
14053,33,2,312.05
14055,213,2,795.3199999999999
14057,17,5,2135.0
14058,98,2,469.19
14060,2,13,3378.66
14061,143,3,917.4300000000001
14062,10,12,15120.800000000001
14063,74,9,22710.2
14064,66,10,1925.9
14065,25,3,891.02
14068,239,3,1250.8700000000001
14069,150,2,225.81
14070,320,1,321.6
14072,302,1,390.85
14074,259,1,219.4
14075,39,3,792.61
14077,31,1,115.66
14078,9,4,640.34
14079,318,1,243.63
14080,49,4,1070.08
14081,5,9,4369.47
14082,28,1,231.10999999999999
14083,7,3,373.3
14084,148,1,150.5
14085,4,16,5607.43
14086,98,1,39.95
14087,40,2,638.0
14088,42,3,13544.99
14091,290,2,9530.08
14092,10,10,3152.54
14094,75,1,311.77
14095,358,1,2.95
14097,117,2,422.86
14099,11,9,2646.7400000000002
14101,24,7,3985.14
14104,25,3,527.3199999999999
14105,44,4,4722.6
14106,373,1,214.8
14107,84,4,2174.07
14108,367,2,447.05
14110,71,21,7304.8
14112,87,6,2919.44
14113,11,12,5252.1900000000005
14114,31,5,977.5600000000001
14115,137,2,622.67
14118,64,1,458.45
14119,11,2,183.37
14122,42,3,362.42
14123,369,1,436.18
14126,80,1,466.33000000000004
14127,16,3,1190.3700000000001
14128,187,1,286.71
14129,35,4,1467.48
14130,11,3,1377.86
14131,284,1,168.22
14133,369,1,305.5
14134,18,15,11123.35
14135,3,11,4953.61
14136,36,5,1570.81
14137,331,1,332.7
14139,126,3,670.98
14142,9,2,671.34
14144,122,1,30.6
14145,95,3,3857.85
14146,19,7,5259.3
14147,24,7,2106.8
14148,50,1,309.09000000000003
14151,309,2,679.45
14152,23,5,1376.05
14153,119,1,233.39999999999998
14154,17,6,5115.08
14156,7,102,196549.74
14157,25,3,553.8000000000001
14159,15,9,3230.45
14160,246,7,8421.47
14161,5,5,2182.46
14163,98,1,148.71
14166,141,2,251.15
14167,100,4,711.7
14168,56,2,370.45
14169,66,2,621.51
14170,11,3,570.18
14171,366,1,135.0
14172,241,3,369.02
14173,277,2,135.16
14175,54,5,4456.58
14176,3,2,339.11
14177,17,9,1660.23
14180,8,9,1570.73
14181,46,2,308.35
14182,79,4,678.77
14183,47,2,278.34000000000003
14186,63,5,1550.63
14187,109,1,123.5
14189,4,2,1160.31
14190,302,1,79.9
14191,30,2,132.9
14192,24,1,293.74
14193,32,1,356.8
14194,28,15,7321.070000000001
14195,75,4,1603.6
14197,46,1,390.05
14198,36,5,868.33
14199,59,3,906.3
14200,253,1,379.2
14201,45,3,446.1
14202,17,3,847.76
14203,33,1,339.34
14204,58,3,874.22
14205,30,7,1947.5
14206,24,2,856.85
14207,323,1,157.8
14208,187,1,415.31
14209,21,9,2919.84
14210,7,11,3955.6800000000003
14211,47,9,2161.19
14212,81,1,1119.66
14213,40,1,1192.2
14215,4,4,1626.6100000000001
14216,50,1,310.74
14217,2,7,1411.91
14219,45,2,543.89
14220,203,2,882.5999999999999
14221,85,8,3084.69
14224,26,5,831.98
14225,70,4,2031.07
14226,77,1,770.34
14227,50,5,3017.75
14228,73,3,745.5
14229,39,4,1046.84
14230,71,3,979.8000000000001
14231,86,1,309.91
14233,101,3,1441.55
14235,134,4,1573.13
14236,8,4,1253.78
14237,9,2,471.14
14238,298,2,287.38
14239,67,10,1882.3200000000002
14240,59,1,357.15000000000003
14241,332,1,120.0
14243,1,8,4842.28
14244,296,1,366.41999999999996
14247,40,4,616.79
14248,95,2,730.37
14249,46,12,5400.461
14252,17,1,350.99
14253,129,2,363.40000000000003
14254,68,1,601.03
14255,182,1,1000.63
14256,127,3,1491.73
14257,16,4,2854.73
14258,31,16,19381.36
14260,107,3,824.28
14263,59,1,322.93
14264,15,4,1183.39
14265,100,2,843.1700000000001
14266,64,1,40.56
14268,106,1,354.85
14269,75,1,295.73
14271,45,1,101.86
14272,198,2,482.85
14274,322,1,256.6
14275,31,6,1189.3799999999999
14276,43,4,982.9399999999999
14277,47,6,13009.61
14278,45,1,205.83
14279,156,2,191.86
14281,44,1,245.15
14282,3,11,4120.32
14283,99,4,628.44
14284,289,1,704.4
14285,149,4,1374.41
14286,40,4,3851.01
14290,49,3,2201.91
14291,16,12,4020.85
14292,46,7,4354.32
14293,4,6,2221.37
14294,43,1,375.34000000000003
14295,74,4,2196.71
14296,57,2,456.4
14298,11,38,39667.19
14299,1,19,10533.87
14301,52,3,1352.04
14302,66,3,742.9000000000001
14303,43,2,277.94
14304,15,2,1341.56
14306,14,4,1058.0800000000002
14307,9,5,2075.31
14308,185,2,1147.02
14309,49,2,1428.28
14310,68,1,492.1
14311,203,1,206.19
14312,14,5,1478.7
14314,66,1,109.8
14315,200,2,716.69
14316,58,5,1370.34
14318,96,1,158.02
14319,60,1,494.85
14320,182,3,868.96
14321,67,2,687.3100000000001
14322,65,4,474.1
14324,45,2,701.61
14325,205,1,245.48000000000002
14326,99,2,757.13
14327,18,5,1583.28
14328,74,1,445.05
14329,11,8,4912.38
14330,259,1,200.63
14332,17,2,1077.2
14334,61,4,1766.27
14338,172,1,339.88
14339,64,1,310.75
14341,56,10,2285.04
14342,68,2,249.88
14343,57,4,1079.66
14344,3,14,2443.77
14346,61,3,1294.17
14347,372,1,82.60000000000001
14350,16,2,689.1
14353,46,2,285.9
14355,1,3,840.0500000000001
14358,25,2,400.06
14361,214,1,214.71
14363,38,2,227.47000000000003
14365,30,2,634.68
14366,161,1,136.0
14369,278,2,469.13
14370,86,6,1175.78
14372,79,2,860.08
14374,177,1,108.0
14375,86,2,871.26
14376,319,1,215.46
14378,257,1,131.25
14379,29,2,917.0600000000001
14380,318,1,48.96
14381,87,1,423.26
14382,26,1,578.14
14384,136,1,58.5
14388,8,9,3488.16
14389,60,3,854.55
14390,8,5,1731.16
14391,212,1,135.6
14392,68,1,266.4
14394,200,1,93.8
14395,8,12,4630.7
14396,7,6,1591.74
14398,37,2,707.79
14399,30,8,2108.21
14400,44,2,1157.77
14401,60,9,2744.42
14402,288,1,285.6
14403,225,2,404.7
14404,5,8,1404.04
14405,22,1,195.0
14408,107,4,1503.24
14409,4,5,1696.64
14410,12,2,1531.63
14412,60,1,656.16
14413,46,3,643.47
14414,10,1,902.35
14415,15,10,6124.52
14417,23,1,524.65
14419,18,1,202.85
14420,32,3,1251.65
14421,148,4,1656.26
14422,10,13,6007.88
14423,73,2,651.4100000000001
14425,70,3,661.39
14426,39,7,7246.27
14427,130,2,900.1800000000001
14429,39,1,516.28
14430,147,3,1220.9
14431,15,3,2143.84
14433,101,1,280.7
14435,137,1,90.42
14436,189,1,182.64
14437,1,5,873.34
14439,79,4,6781.8
14440,1,9,4281.05
14441,10,7,2898.8
14442,50,5,3777.2
14443,4,2,966.27
14444,92,1,120.44
14445,91,1,221.65
14446,22,1,189.93
14447,36,1,548.5
14449,8,5,1555.4
14450,15,4,645.19
14451,25,10,2614.78
14452,31,2,399.9
14454,12,5,977.3000000000001
14455,68,4,617.72
14458,16,1,228.07
14459,287,1,3537.821
14460,32,6,659.16
14461,18,10,4573.85
14462,68,1,262.24
14463,135,1,256.95
14464,204,2,111.0
14465,64,8,2887.41
14466,8,7,2374.5
14467,25,8,1606.98
14468,369,1,204.24
14469,52,4,2093.46
14470,66,1,250.85
14471,227,2,400.95
14472,325,1,266.05
14474,215,1,711.23
14475,44,1,225.3
14477,72,3,660.0
14478,18,4,1276.66
14479,1,3,982.86
14480,38,3,1020.47
14481,43,3,1648.18
14482,15,6,2283.91
14483,372,1,120.0
14484,37,3,749.0600000000001
14486,147,2,175.5
14487,4,2,225.89000000000001
14489,73,3,1111.55
14490,42,2,1273.47
14491,8,1,127.2
14492,66,7,1921.91
14493,26,5,2704.62
14494,37,2,261.9
14495,295,1,51.0
14496,9,6,2129.42
14497,309,1,221.69
14498,37,5,1943.51
14499,10,4,1293.3500000000001
14505,40,11,6019.65
14506,5,3,1256.6000000000001
14507,14,5,1848.8600000000001
14508,12,3,554.87
14509,170,1,110.95
14510,11,3,979.85
14512,19,5,940.69
14513,72,3,332.42
14514,72,6,3389.84
14515,23,6,1647.17
14516,152,1,151.17
14519,319,2,203.14
14521,127,1,199.45000000000002
14522,231,4,773.88
14524,45,4,1066.03
14525,64,8,3810.64
14526,25,1,258.65
14527,1,69,19257.08
14530,32,10,3226.76
14531,115,1,376.34
14532,47,7,2912.93
14533,43,4,1516.65
14534,33,8,1790.3600000000001
14535,31,6,3118.39
14537,259,1,285.84
14538,166,3,982.59
14540,15,8,2756.98
14541,52,6,1038.03
14543,16,23,10988.14
14544,106,1,934.23
14545,310,1,349.25
14546,12,6,2610.91
14548,120,7,1888.49
14549,56,3,624.36
14550,24,2,587.69
14551,47,5,691.86
14552,16,2,343.71
14553,47,4,959.3299999999999
14555,17,4,1991.49
14556,232,3,815.69
14558,290,3,655.5
14559,26,1,75.6
14560,15,22,3876.2599999999998
14562,26,8,1631.38
14563,145,2,640.54
14564,70,2,2605.62
14565,109,1,760.1
14566,53,3,2660.0
14568,71,1,919.7
14569,88,3,369.94
14570,79,1,395.69
14571,61,1,160.0
14572,53,4,2722.34
14573,8,5,925.3
14574,368,1,143.70000000000002
14575,124,1,420.22
14576,8,1,35.400000000000006
14577,30,3,504.44
14579,68,1,105.56
14580,154,1,14.85
14581,180,1,271.05
14583,19,3,673.33
14584,57,4,705.1
14585,18,4,986.22
14588,214,1,135.39
14589,7,1,39.75
14590,60,20,2993.37
14593,33,9,3048.38
14594,9,1,255.0
14595,89,2,423.85
14596,262,1,222.22
14597,15,4,1318.39
14598,205,1,162.07
14599,26,2,457.89
14600,29,1,471.84
14602,292,1,205.35999999999999
14604,269,1,143.85999999999999
14605,10,4,921.5600000000001
14606,2,102,18482.1
14607,103,8,7553.63
14608,15,7,1567.79
14609,26,6,884.64
14610,31,2,24.35
14611,79,2,604.33
14612,51,1,877.7
14613,316,1,76.32000000000001
14614,22,1,295.13
14615,30,5,951.76
14616,21,2,121.7
14617,38,2,190.47
14618,12,4,788.88
14619,177,1,896.8
14621,147,4,1212.21
14623,16,5,1130.28
14624,51,4,588.22
14625,10,9,3598.25
14626,31,7,2619.65
14627,15,1,462.75
14628,78,3,1326.04
14630,120,1,338.65
14631,22,3,1018.71
14634,73,4,2124.46
14635,89,1,215.22
14637,313,1,106.68
14639,44,3,1994.47
14640,45,4,1541.98
14643,253,3,986.08
14644,50,5,1416.96
14645,270,1,279.8
14646,10,78,248396.5
14647,159,1,270.0
14648,52,15,4466.65
14649,18,5,2248.6
14650,224,1,62.5
14651,30,7,1371.77
14653,149,5,1666.41
14654,374,1,246.86
14655,24,3,1946.28
14656,51,3,498.95
14657,65,2,601.97
14662,63,3,635.06
14663,66,2,490.6
14665,63,2,913.95
14667,1,31,12418.01
14668,81,1,111.63
14669,269,4,1957.54
14670,368,1,190.47
14671,185,2,1127.45
14672,151,2,347.59
14673,3,3,1674.41
14674,145,1,173.66
14675,24,1,419.21999999999997
14676,30,6,5808.55
14677,228,1,184.91
14678,215,1,403.39
14679,17,3,1289.44
14680,7,43,28615.27
14681,23,3,376.20000000000005
14682,64,4,1462.81
14683,224,1,146.56
14684,26,1,228.52
14685,212,8,4536.64
14686,50,5,852.53
14687,36,2,773.6800000000001
14688,9,8,2056.3
14690,28,2,422.63
14692,16,8,1123.59
14693,61,6,992.46
14694,253,1,244.31
14695,155,3,1534.22
14696,9,2,688.95
14699,71,3,593.47
14700,51,2,880.96
14701,78,6,1961.02
14702,1,13,3427.44
14704,60,2,258.96
14706,254,1,367.54
14707,71,2,139.2
14708,4,3,1085.91
14709,15,12,3965.29
14710,15,9,1300.31
14712,54,1,411.0
14713,1,11,2752.51
14714,43,3,746.05
14715,78,4,958.0699999999999
14716,80,1,235.77
14717,369,1,81.3
14718,46,1,226.42
14721,15,1,109.07
14722,113,2,309.1
14723,7,7,927.89
14724,226,1,341.9
14725,30,3,597.16
14726,290,1,116.5
14727,182,2,195.15
14728,49,1,190.58
14729,9,3,586.24
14732,28,11,2814.58
14733,3,4,6579.26
14734,61,4,1056.42
14735,24,24,6174.47
14736,121,2,374.05
14737,36,1,2389.62
14738,196,2,507.45
14739,3,19,8385.22
14740,45,8,2712.85
14741,8,2,497.25
14742,71,1,579.85
14743,228,1,50.480000000000004
14744,2,8,2785.1
14745,137,7,1331.15
14746,42,4,593.5
14748,4,7,1736.57
14749,115,1,310.15
14750,372,1,112.03
14751,320,2,126.45
14753,96,1,306.36
14754,61,4,909.88
14755,17,14,4962.27
14756,18,2,1914.8
14758,32,3,1380.91
14761,80,1,192.02
14762,262,1,117.05
14766,2,6,4082.76
14767,110,1,382.81
14769,26,9,5097.13
14770,103,6,2761.2200000000003
14771,257,2,594.62
14773,228,1,140.55
14774,164,1,241.45000000000002
14775,8,1,406.56
14776,23,4,1170.0
14777,39,1,307.56
14783,295,1,307.3
14784,25,1,159.94
14786,186,1,90.96
14787,107,1,110.65
14788,232,1,476.88
14790,10,6,1781.56
14791,242,1,303.63
14793,171,1,396.91
14794,38,3,633.99
14796,2,11,2865.05
14797,143,1,300.31
14798,17,5,550.5699999999999
14799,373,1,180.45000000000002
14800,5,6,3415.38
14802,74,2,1502.98
14805,40,3,536.15
14806,75,1,110.04
14807,26,2,504.14
14809,257,2,686.76
14810,5,3,446.59
14811,23,1,170.5
14812,234,1,178.85
14813,5,4,888.91
14814,217,1,154.21
14817,31,5,2849.52
14818,94,3,495.76
14819,130,2,184.34
14820,16,5,767.47
14821,2,7,1230.15
14822,121,1,157.7
14824,15,6,2895.2000000000003
14825,4,13,2698.17
14826,217,2,385.2
14828,24,10,7699.7
14829,8,4,995.29
14831,316,3,1676.57
14832,266,1,322.69
14833,134,1,94.8
14834,43,1,485.86
14835,164,2,297.0
14837,78,5,1810.82
14838,59,2,769.9200000000001
14839,54,3,915.28
14840,175,1,299.86
14841,10,8,3867.2400000000002
14843,72,1,211.8
14844,66,6,3512.62
14845,235,1,150.0
14846,63,1,437.4
14847,43,2,1039.55
14848,40,1,310.56
14849,9,21,7832.91
14850,53,6,1445.21
14851,266,1,318.06
14852,60,12,3295.7400000000002
14853,59,3,901.0699999999999
14854,26,4,1563.03
14855,110,5,5874.65
14857,78,5,2478.731
14858,141,1,180.75
14859,190,1,351.9
14861,16,9,1254.94
14865,8,3,77.52
14866,2,8,6460.32
14867,31,13,2241.78
14868,16,4,1230.42
14869,24,4,2056.69
14870,49,5,1511.7
14871,129,5,726.89
14872,119,3,816.6
14873,269,1,334.45
14874,171,1,116.18
14875,77,1,1397.08
14876,157,2,256.7
14877,54,2,425.85
14878,12,16,2600.41
14879,320,1,185.06
14882,26,12,2956.95
14884,305,1,120.6
14885,63,2,832.8
14890,254,2,691.6
14891,52,2,552.35
14892,326,1,202.35000000000002
14893,253,1,571.76
14894,79,2,837.0600000000001
14895,19,18,13980.83
14896,1,7,1614.45
14897,45,4,1774.16
14898,7,9,2195.14
14899,31,1,1331.38
14900,158,1,13.919999999999998
14901,2,5,860.11
14902,31,2,702.96
14904,44,2,605.05
14905,10,6,1355.24
14906,81,1,68.44
14907,3,10,2664.69
14908,99,1,104.10000000000001
14909,73,3,1404.68
14911,1,205,152121.22
14912,37,4,1021.4
14913,24,4,2845.7000000000003
14915,11,9,1503.77
14916,67,4,1773.97
14917,232,2,1123.75
14918,40,7,4345.66
14919,175,1,359.35
14920,201,1,629.4
14922,29,2,843.74
14924,246,2,620.96
14926,17,2,359.4
14927,32,1,308.2
14928,263,1,223.91000000000003
14929,57,1,612.8100000000001
14930,106,3,2873.77
14932,1,2,666.13
14933,79,4,1770.0
14934,14,3,1612.56
14935,255,1,1065.1200000000001
14936,26,4,4273.79
14938,198,2,2322.43
14940,53,2,531.49
14941,214,1,182.1
14942,37,4,746.56
14943,299,1,107.62
14944,25,7,3884.42
14945,49,1,179.4
14947,24,4,758.97
14949,105,4,515.0
14952,32,21,9529.86
14953,54,3,685.65
14954,339,1,167.27
14955,368,1,163.77
14956,57,1,1325.0
14957,280,1,203.2
14958,231,3,458.26
14961,15,13,9365.47
14962,175,3,240.21000000000004
14963,15,7,1651.23
14966,23,5,881.24
14967,77,5,1518.81
14968,94,1,353.65
14969,339,1,906.23
14970,45,8,3327.29
14972,17,1,30.300000000000004
14975,57,1,192.45
14977,361,1,31.93
14978,66,5,1190.82
14979,371,1,429.66
14980,373,1,150.68
14981,59,1,270.8
14982,208,1,237.78
14983,325,1,183.20000000000002
14984,24,4,1058.1399999999999
14986,12,2,563.1
14987,1,7,1387.4499999999998
14988,16,6,1704.1100000000001
14989,297,1,342.4
14990,248,2,304.17
14991,66,1,314.67
14992,78,1,210.5
14993,199,1,36.13
14994,18,5,946.72
14996,117,2,442.28999999999996
14997,291,1,230.4
14998,64,2,338.31
14999,228,1,129.48000000000002
15001,30,2,199.10999999999999
15002,3,6,3127.9700000000003
15003,109,6,1027.03
15005,2,29,7681.71
15006,89,1,277.4
15008,116,2,360.0
15011,31,2,416.6
15012,9,2,429.78
15013,123,10,1610.82
15015,137,13,2354.97
15016,29,4,450.85
15018,3,1,111.25
15020,15,1,198.47
15021,2,4,826.91
15022,313,1,281.05
15023,5,10,5287.64
15024,3,8,2414.18
15025,204,1,617.83
15026,11,2,579.89
15027,31,6,2129.45
15028,4,3,521.78
15029,255,1,365.1
15030,16,6,1461.63
15031,30,10,2449.75
15032,2,7,8821.55
15034,22,6,3957.04
15037,12,2,397.76
15038,5,4,579.67
15039,4,47,19960.3
15040,177,1,7.49
15041,80,1,109.47
15042,231,1,179.52
15043,99,5,2333.3199999999997
15044,15,18,8389.42
15046,61,10,2533.37
15048,4,1,98.7
15050,57,2,2349.5
15051,15,6,2543.55
15055,110,3,549.12
15056,156,1,113.65
15057,79,3,1766.46
15058,12,5,1285.04
15059,12,10,2153.48
15061,3,86,83284.38
15062,59,4,1597.76
15064,46,4,1254.41
15065,46,1,168.73
15067,49,2,2118.12
15068,54,2,621.54
15070,8,3,737.0500000000001
15071,22,2,473.49
15072,115,1,187.52
15073,36,5,1744.61
15074,65,2,817.46
15076,128,2,566.89
15077,130,2,2428.08
15078,4,23,8018.77
15079,1,8,2871.7400000000002
15080,63,2,546.25
15081,3,8,1460.92
15082,304,1,93.35000000000001
15084,15,2,965.1999999999999
15085,365,1,347.54
15086,200,2,218.53
15091,310,2,565.9
15092,98,1,318.65
15093,8,18,9729.09
15094,99,2,83.0
15095,56,6,1771.04
15097,219,2,660.27
15100,2,6,2018.6999999999998
15101,151,4,1160.41
15102,166,2,554.67
15105,66,2,795.98
15107,8,4,620.85
15109,215,2,498.15000000000003
15110,39,2,509.75
15111,8,3,1163.39
15112,247,1,209.4
15114,19,2,639.56
15115,368,1,191.74
15117,84,3,934.19
15122,58,8,2853.4900000000002
15123,57,3,2456.86
15124,112,2,266.63
15125,115,9,5496.39
15126,172,2,449.49
15127,155,1,304.97
15128,66,1,312.68
15129,21,12,3412.78
15131,30,1,80.28
15133,18,2,824.48
15134,17,2,208.3
15135,192,1,166.63
15137,156,2,823.4
15138,29,1,502.52
15140,78,1,889.44
15141,93,7,1388.47
15142,46,5,2121.18
15143,68,1,304.18
15144,15,12,5579.87
15149,212,4,1033.81
15150,92,3,3686.61
15151,59,2,2085.61
15152,337,1,518.14
15154,114,2,1089.44
15155,19,1,383.96999999999997
15157,205,2,718.04
15158,37,1,204.62
15159,31,4,3475.7200000000003
15160,10,3,431.11
15161,24,1,119.92
15162,367,1,312.9
15164,25,6,1203.53
15165,9,1,487.75
15166,103,1,167.16
15167,43,4,1468.82
15169,18,2,569.22
15170,42,1,81.15
15173,16,7,1494.6
15174,46,1,345.71
15176,303,1,988.0400000000001
15177,61,1,948.9300000000001
15179,28,8,5284.97
15180,3,3,816.9300000000001
15181,56,2,510.72
15182,21,9,2376.102
15183,183,3,639.93
15184,23,2,283.19
15186,110,3,991.7900000000001
15188,361,1,310.43
15189,17,5,1298.99
15190,70,1,834.4399999999999
15191,99,3,588.05
15192,1,3,937.07
15194,4,14,4811.16
15196,68,2,313.7
15197,30,3,797.9
15198,44,3,377.71
15199,10,6,1853.7
15200,130,1,549.0500000000001
15201,75,2,606.4100000000001
15202,56,3,6001.49
15203,26,9,2572.38
15207,52,3,683.92
15208,59,1,100.4
15209,366,1,178.98000000000002
15210,14,2,845.01
15211,1,1,383.07
15212,12,1,106.47999999999999
15215,29,4,1687.49
15216,254,1,389.49
15217,199,1,426.24
15218,25,11,5711.9400000000005
15219,284,1,379.7
15221,2,4,2062.2
15222,108,10,2965.91
15223,245,3,662.2
15224,148,3,549.28
15227,32,4,1269.0900000000001
15228,64,2,2193.56
15229,222,1,160.5
15231,257,1,250.26000000000002
15233,37,1,59.400000000000006
15235,5,6,690.3000000000001
15240,10,7,2753.41
15241,66,3,1293.72
15242,58,1,302.04
15243,71,1,610.6
15244,302,1,280.51
15245,38,5,2095.0
15246,191,1,266.25
15247,113,2,620.06
15248,47,3,1893.93
15249,66,5,2577.54
15250,276,1,60.0
15251,50,10,9839.55
15252,57,3,1362.63
15253,39,3,1136.89
15254,182,2,787.99
15255,32,8,2815.17
15256,197,1,71.95
15257,50,1,368.75
15259,148,4,1182.3799999999999
15260,8,20,7377.46
15261,17,3,1253.18
15262,16,2,239.87
15264,166,1,454.66
15265,240,2,1839.52
15266,15,4,732.91
15268,114,3,961.9000000000001
15269,16,2,816.5600000000001
15270,36,14,6145.37
15271,1,10,2146.95
15272,86,4,1309.01
15273,235,1,228.96
15276,30,3,491.17
15277,61,1,220.44
15278,197,4,496.16
15279,16,4,1290.03
15280,124,2,284.4
15281,14,7,6211.42
15282,206,1,348.59
15283,26,3,148.32999999999998
15284,136,1,24.75
15285,43,1,94.92
15287,15,3,369.34000000000003
15288,1,6,1574.51
15289,94,2,653.3100000000001
15290,29,8,2553.06
15291,9,26,9178.26
15293,301,1,247.5
15294,46,1,233.35
15295,290,1,207.04
15296,56,6,6650.17
15298,2,12,4659.47
15299,8,6,3484.5299999999997
15301,4,6,2533.09
15302,366,1,308.0
15303,201,2,650.16
15304,4,2,225.15
15305,191,1,93.6
15306,136,6,2310.38
15309,246,4,797.96
15310,114,1,1634.64
15311,1,121,55942.74
15312,19,8,2005.34
15314,49,2,492.48
15317,313,1,129.75
15321,73,9,3961.42
15322,112,1,711.18
15323,198,3,434.6
15324,337,1,140.22000000000003
15325,31,7,1439.72
15326,245,4,1388.81
15328,43,1,107.24
15329,10,8,1909.13
15331,135,3,767.91
15332,2,6,4892.68
15336,37,1,240.5
15337,47,1,373.02
15338,313,1,277.93
15339,57,5,1246.95
15340,197,1,105.5
15341,85,1,382.2
15346,61,2,343.7
15347,2,4,1162.0
15350,9,2,547.6
15351,5,4,1770.23
15352,184,1,111.15
15353,3,6,2336.0
15354,239,3,284.4
15356,4,4,664.66
15358,1,22,8703.21
15359,298,8,181.35
15361,162,3,270.15
15362,84,2,613.08
15363,8,2,678.11
15365,39,6,2242.81
15366,45,5,1786.57
15367,54,7,3203.7400000000002
15368,30,1,275.8
15369,128,11,6251.26
15370,46,1,1352.96
15371,298,1,59.400000000000006
15372,86,7,4009.66
15373,7,6,1002.93
15374,260,1,139.32
15375,326,1,60.959999999999994
15377,18,4,1211.75
15378,98,2,246.5
15379,36,1,1174.55
15380,1,7,1788.8
15381,59,3,1293.72
15382,10,6,7777.84
15384,17,2,1385.38
15385,28,2,625.2
15387,128,1,468.65
15389,36,4,2233.8
15390,32,2,1216.66
15391,220,1,289.87
15392,10,3,1376.09
15393,203,3,659.48
15394,31,7,3103.26
15396,219,1,508.20000000000005
15400,56,3,586.1
15401,88,2,216.95
15402,23,4,1203.77
15403,127,2,170.88
15404,11,1,257.06
15405,212,1,310.74
15406,89,2,465.16
15409,357,1,131.25
15410,204,2,1234.88
15413,327,5,6798.72
15416,114,3,588.5
15418,61,2,449.42
15420,70,6,743.0
15421,21,6,2854.98
15422,15,5,1522.27
15423,217,2,223.39000000000001
15424,99,1,214.44
15425,36,4,1941.1200000000001
15426,5,5,1134.85
15428,23,3,668.97
15430,103,2,954.75
15431,138,1,153.24
15432,177,1,149.57
15434,10,6,1525.5800000000002
15437,276,1,193.29000000000002
15439,40,4,1269.05
15441,32,3,1254.21
15443,110,7,1900.64
15445,226,1,171.0
15446,12,3,399.75
15447,163,4,337.71000000000004
15448,310,1,294.17
15451,70,2,226.86
15452,26,3,1256.63
15454,254,1,126.89
15455,233,1,38.25
15456,39,7,1656.93
15458,38,1,208.8
15459,53,2,202.83
15461,96,2,429.7
15462,81,1,502.45
15465,5,15,5281.53
15466,25,3,1225.93
15468,28,1,962.97
15469,74,1,335.70000000000005
15470,211,1,63.419999999999995
15471,16,2,837.53
15473,80,1,274.8
15474,231,1,150.35
15476,16,4,2209.98
15477,285,1,368.4
15478,211,1,583.5600000000001
15479,369,1,147.4
15480,101,4,5373.5
15481,37,1,1993.34
15482,22,7,3537.6
15483,21,6,592.56
15484,176,2,1061.69
15485,9,5,3186.01
15486,163,1,102.0
15487,315,1,231.32
15488,92,4,340.6
15489,36,5,1285.3300000000002
15490,66,1,210.85
15493,25,4,2168.27
15494,114,3,2422.02
15495,15,1,246.5
15496,267,1,146.14
15497,18,7,7395.19
15498,2,19,12633.18
15499,359,1,158.65
15501,40,2,399.95
15502,4,5,3548.34
15503,362,1,116.26
15504,156,3,349.87
15506,17,3,1058.25
15509,16,1,152.41
15512,26,2,210.58
15513,1,18,12992.33
15514,15,7,2368.34
15515,23,1,171.81
15518,15,7,2268.44
15519,19,2,344.61
15521,36,8,4098.04
15523,24,15,16847.18
15524,242,1,151.4
15525,9,2,430.78000000000003
15527,30,15,3126.36
15529,2,2,1116.72
15530,148,1,311.37
15532,12,6,2174.12
15534,361,1,162.25
15535,40,2,541.47
15536,45,1,259.09
15538,173,6,3358.4
15540,11,1,247.38
15542,148,3,855.71
15543,95,1,114.4
15544,8,12,4615.72
15545,7,1,135.32999999999998
15546,242,2,1079.1000000000001
15547,12,12,5146.45
15548,231,1,158.09
15549,57,5,652.7
15550,14,8,1635.42
15551,30,6,1243.75
15552,259,1,162.4
15555,1,22,7267.83
15558,275,1,202.68
15559,204,1,1109.4
15560,33,2,153.52
15561,19,4,1133.8
15562,60,2,536.88
15563,150,3,1459.02
15564,99,2,70.74000000000001
15566,28,2,227.87
15569,26,5,2207.74
15570,5,14,5105.32
15571,22,10,3241.92
15572,16,3,1431.78
15573,254,3,597.23
15574,8,3,774.84
15575,255,1,30.1
15577,359,2,137.15
15579,19,3,923.03
15580,12,8,1375.39
15581,2,26,4076.9700000000003
15583,12,1,95.96
15584,35,2,547.34
15586,228,3,1139.1000000000001
15587,28,3,608.4
15588,313,1,579.6
15590,18,5,1496.6
15591,218,3,217.9
15595,123,1,357.59999999999997
15596,1,5,1723.45
15597,211,1,238.8
15598,63,1,307.34
15599,81,1,488.32
15600,64,4,1199.31
15601,8,17,8183.56
15602,4,8,1932.64
15603,284,1,40.0
15605,9,5,738.57
15606,26,8,2310.83
15607,179,8,1604.21
15608,51,1,692.3
15611,19,13,1405.83
15613,246,1,433.71999999999997
15614,73,4,3147.36
15615,26,24,10974.23
15616,74,1,317.11
15617,32,3,828.5500000000001
15620,45,1,389.18
15622,63,8,4143.05
15623,29,7,2136.02
15625,12,5,1702.1399999999999
15626,57,1,391.72
15627,93,2,566.9
15628,2,9,2782.02
15629,86,4,2240.9
15630,280,1,295.05
15631,278,1,596.67
15633,145,13,4335.96
15634,19,1,311.1
15635,31,1,100.35
15636,73,2,719.82
15637,49,4,574.23
15638,14,6,2265.2
15639,87,2,639.76
15640,8,15,11411.92
15641,32,8,3458.35
15642,365,1,105.78
15645,50,2,443.16
15646,8,3,526.97
15647,51,1,169.0
15649,3,3,1354.35
15650,157,2,553.88
15651,56,2,612.76
15652,23,4,1068.2
15658,8,4,1399.3700000000001
15659,22,2,226.04
15660,1,7,1212.13
15661,15,6,906.15
15662,297,2,283.73
15664,85,3,867.6
15665,47,3,1764.86
15666,108,2,632.94
15670,192,1,152.15
15672,361,1,45.300000000000004
15673,87,5,3478.09
15674,53,8,4501.63
15675,40,1,218.35
15677,57,2,648.4
15678,31,2,1473.24
15680,2,8,3173.9
15681,15,9,1563.54
15682,235,2,318.24
15683,109,1,330.79
15684,183,3,173.95
15685,86,1,55.980000000000004
15686,56,1,90.0
15688,54,1,190.57
15689,253,1,266.93
15691,30,3,434.5
15693,295,1,37.5
15694,1,12,4331.41
15695,233,2,721.0600000000001
15696,59,5,1170.1100000000001
15697,325,1,246.75
15698,260,1,46.2
15702,112,2,140.39
15704,138,2,1441.04
15708,5,3,969.19
15709,225,1,194.6
15710,53,1,898.87
15711,192,2,420.25
15712,15,7,2400.05
15713,2,3,654.09
15714,89,3,453.93
15715,191,5,658.02
15716,5,8,1913.55
15717,57,4,456.70000000000005
15718,176,1,293.79
15719,17,18,5165.9
15720,186,1,140.49
15722,81,6,3022.79
15723,47,3,740.0
15724,36,1,92.6
15726,26,1,321.91
15727,23,8,4212.65
15728,15,2,544.6
15729,36,2,107.55000000000001
15730,17,2,605.7
15731,189,1,125.3
15732,8,9,1387.95
15734,72,2,923.85
15735,57,1,327.68
15736,71,2,1767.1200000000001
15738,8,26,8560.55
15741,94,2,208.62
15742,255,1,156.87
15747,11,6,1553.17
15748,85,2,465.45
15750,2,12,4330.461
15751,96,11,1380.44
15752,8,3,1557.96
15754,129,6,2579.04
15755,15,11,3628.87
15757,22,4,2225.94
15759,147,4,577.89
15760,266,2,13916.34
15761,78,1,143.05
15764,70,2,1223.1100000000001
15765,302,1,370.63
15766,92,2,516.0
15768,112,31,14687.06
15769,7,21,32451.6
15770,248,1,321.45
15771,240,3,1006.54
15772,54,1,280.88
15773,45,1,138.84
15774,54,5,1017.5400000000001
15775,267,1,45.599999999999994
15777,32,3,715.5
15778,67,1,307.95000000000005
15779,99,2,124.08000000000001
15782,66,1,1399.36
15784,103,2,848.33
15785,15,11,3640.96
15786,53,2,3582.62
15788,144,1,221.83
15789,67,5,1610.71
15791,165,3,1995.65
15792,35,2,933.84
15793,14,5,1433.96
15794,372,2,777.0
15795,66,7,1369.8600000000001
15796,10,9,2463.02
15797,217,2,613.6800000000001
15798,128,3,1535.37
15799,54,1,537.2
15800,89,5,530.18
15803,81,3,1513.84
15805,21,13,4660.75
15807,44,2,913.62
15808,5,18,14482.03
15809,95,2,758.6700000000001
15810,22,4,1607.06
15811,1,2,1557.38
15812,71,7,3400.33
15814,29,2,689.11
15816,178,2,144.15
15817,56,3,2766.4
15818,224,1,340.5
15819,67,6,2029.3400000000001
15822,129,4,954.59
15823,8,3,3882.17
15824,89,2,890.94
15826,204,1,943.97
15827,8,16,1957.98
15828,11,1,1108.82
15833,373,1,80.4
15834,12,3,1539.24
15837,121,1,385.03000000000003
15838,3,16,40519.92
15841,22,5,1518.35
15842,29,2,548.8000000000001
15845,172,3,714.51
15846,21,1,107.01
15847,64,3,433.3
15848,257,1,137.99
15850,12,4,771.87
15851,162,1,109.73
15852,162,1,96.55
15854,12,9,2609.16
15855,112,1,340.48
15856,1,26,17703.63
15857,66,1,273.48
15858,3,9,2508.77
15859,68,1,438.46
15860,4,10,1498.8
15861,92,4,1222.28
15862,9,10,2033.64
15863,253,3,286.26
15864,17,1,244.44
15865,49,2,1346.29
15867,5,17,5224.81
15868,219,1,94.53
15869,262,1,171.47
15870,32,3,506.02000000000004
15871,73,1,33.099999999999994
15872,14,2,413.0
15873,135,4,313.91999999999996
15874,23,14,6878.88
15875,282,1,108.52
15876,45,2,1449.14
15878,197,2,330.77
15879,40,4,1137.8
15880,5,1,329.03
15882,4,6,979.62
15884,68,2,244.60000000000002
15885,19,12,1572.47
15886,52,3,871.78
15887,42,3,1027.15
15888,36,2,260.85
15889,5,7,1279.6
15890,30,5,535.65
15892,305,1,128.2
15893,117,1,305.28000000000003
15894,5,1,151.44
15898,3,22,4129.26
15899,4,1,56.25
15900,49,3,549.29
15901,87,4,335.99
15902,16,1,145.01
15903,14,5,3813.08
15905,179,1,114.69
15906,10,3,962.5
15908,126,2,758.62
15910,36,7,1432.29
15911,259,8,1700.24
15912,72,7,810.08
15913,170,1,6.300000000000001
15914,14,2,205.99
15915,37,1,364.45
15916,2,7,1874.83
15917,242,4,407.07
15918,267,1,248.65
15919,4,1,214.07999999999998
15920,60,5,401.64
15921,32,3,452.23
15922,9,1,369.5
15923,8,1,127.08
15924,367,1,102.82
15926,178,1,134.44
15927,283,1,106.54
15928,292,1,293.53
15929,280,1,594.0
15931,64,1,239.9
15934,53,2,2190.66
15936,15,2,282.79
15938,92,4,330.23
15939,10,1,2945.38
15941,273,1,405.0
15943,285,2,271.28999999999996
15944,29,3,1839.14
15945,1,4,646.27
15946,138,3,2304.18
15948,60,1,553.85
15950,11,6,5376.2
15951,17,1,304.95
15953,5,11,1990.8
15954,225,1,190.75
15955,8,9,4242.1
15956,187,2,617.6
15957,56,2,492.36
15958,39,3,357.77
15959,318,3,542.89
15960,10,4,410.95
15961,15,1,451.28999999999996
15962,85,1,289.48
15964,299,1,269.21000000000004
15965,3,10,2119.26
15966,86,1,426.53
15967,15,10,2568.32
15968,24,1,404.55
15969,61,2,460.95
15970,234,1,703.22
15971,21,6,1702.98
15972,92,5,1769.33
15973,2,3,680.62
15976,46,4,1266.77
15978,68,2,2180.64
15979,238,1,329.21999999999997
15980,126,4,4144.82
15981,37,13,5954.29
15982,241,1,324.51
15983,1,6,2458.9
15984,4,21,5735.09
15985,72,5,1572.8600000000001
15986,17,1,186.3
15987,4,2,216.70000000000002
15988,187,2,582.11
15989,11,2,368.31
15990,130,5,1205.64
15991,170,1,150.55
15992,32,2,854.61
15994,47,2,761.41
15995,50,1,694.54
15996,2,2,617.07
15998,29,11,5193.92
15999,371,1,20.4
16001,17,1,583.39
16002,261,1,169.21
16003,17,5,2878.46
16004,110,5,2146.39
16005,11,6,1786.78
16006,23,1,231.42
16007,19,3,1359.25
16008,18,12,4860.35
16010,12,8,1302.46
16011,2,14,2486.0
16012,37,2,1563.3
16013,7,39,20009.84
16014,44,2,453.45
16016,2,4,980.91
16017,53,4,1333.7
16018,32,2,289.23
16019,17,18,13542.92
16021,31,2,487.03
16024,47,2,232.96
16027,93,9,1113.74
16028,231,1,82.2
16029,8,47,41184.3
16032,92,6,1965.72
16033,5,8,1985.63
16034,30,3,473.62
16035,196,1,217.73
16036,60,2,1797.92
16037,180,2,654.32
16039,59,2,456.4
16040,66,4,1103.3500000000001
16042,15,3,1067.85
16043,15,4,1082.6
16044,71,1,340.84000000000003
16045,52,4,2094.23
16046,198,1,235.78
16047,318,1,107.14
16048,9,4,818.7900000000001
16049,11,3,777.34
16050,19,2,162.8
16051,317,1,188.44
16053,49,4,2122.89
16054,54,3,1327.98
16057,155,3,1591.73
16058,42,1,62.7
16059,3,7,1718.66
16060,36,3,541.95
16061,67,1,89.65
16062,15,4,1709.83
16064,361,1,109.31
16065,1,8,1992.13
16067,198,3,3269.11
16068,229,1,115.73
16069,53,1,457.7
16071,163,3,750.5600000000001
16072,64,3,3595.77
16074,26,1,252.5
16075,138,2,736.9300000000001
16077,261,1,2300.4
16078,305,1,283.79
16080,21,2,385.4
16081,2,4,1637.14
16082,306,1,106.75
16083,18,2,1033.8
16085,16,7,1359.52
16086,3,6,1743.6
16087,25,5,1739.92
16088,211,2,1437.43
16089,22,2,263.49
16090,260,1,180.56
16092,140,3,770.08
16094,11,7,2617.33
16095,92,1,447.05
16096,52,3,1264.3500000000001
16098,9,8,2435.67
16099,53,4,841.3
16100,98,1,582.64
16101,70,3,1938.46
16103,25,16,4762.07
16104,54,8,2476.25
16105,74,4,2049.23
16108,70,3,1393.42
16109,334,1,327.59999999999997
16110,158,1,460.64
16111,64,1,549.33
16115,33,4,892.92
16117,38,2,422.19
16118,288,1,4376.25
16119,30,6,1297.45
16120,58,2,1658.3700000000001
16121,26,3,595.38
16122,2,3,316.92
16124,54,3,1523.49
16125,3,14,4292.35
16126,15,11,8356.83
16127,362,1,145.06
16128,16,6,1920.8300000000002
16129,43,3,1396.05
16130,58,4,987.48
16131,11,6,6450.88
16132,180,2,664.1999999999999
16133,12,23,8403.22
16134,59,3,1527.25
16135,219,1,301.9
16136,299,1,237.42000000000002
16137,316,1,422.7
16138,14,3,910.35
16139,358,2,475.74
16140,7,2,832.4200000000001
16141,53,1,335.54
16143,5,7,2485.89
16145,24,8,3005.9500000000003
16146,84,1,212.25
16147,36,4,2023.91
16148,72,1,310.3
16149,65,1,141.7
16150,8,6,2342.57
16153,56,6,3309.26
16155,17,5,796.9
16156,18,11,3096.14
16158,158,9,628.32
16159,106,3,884.59
16161,4,25,7210.59
16163,1,5,1992.98
16165,141,1,79.9
16166,64,2,435.83
16167,50,5,1386.12
16168,5,40,6848.87
16170,31,14,4983.95
16172,109,3,744.34
16174,127,4,1237.2
16175,107,3,798.85
16176,57,4,2052.69
16177,72,7,1915.3600000000001
16178,37,1,414.7
16180,114,5,5995.69
16182,74,5,3354.0
16183,30,3,739.1
16185,200,1,115.31
16186,8,15,5019.17
16188,44,1,105.80000000000001
16190,30,7,2508.4700000000003
16191,11,11,10497.300000000001
16192,371,1,351.3
16193,46,1,315.98
16194,11,1,308.6
16195,359,1,323.25
16196,124,1,93.3
16197,105,9,2016.71
16198,73,1,629.36
16199,28,7,942.75
16200,18,10,4539.23
16201,51,1,248.65
16202,53,8,2136.72
16203,8,3,521.64
16204,16,2,534.53
16205,32,3,1062.48
16206,23,9,2052.81
16208,30,8,2776.19
16209,18,4,1884.16
16210,4,19,17403.21
16211,57,2,543.5699999999999
16212,254,2,603.37
16214,71,1,975.5
16218,9,7,1355.29
16219,136,1,40.8
16221,3,7,1325.8
16222,357,1,498.50000000000006
16223,10,2,1087.05
16224,23,1,321.24
16225,38,10,1762.99
16226,14,2,417.05
16227,130,2,713.0
16228,21,3,885.71
16229,17,4,1857.26
16231,15,4,1074.47
16232,56,3,1722.09
16233,2,7,1429.03
16234,112,3,333.18
16235,11,4,1186.4
16237,73,1,136.65
16238,58,1,63.66
16239,18,4,1078.0
16241,5,4,1680.2
16242,17,7,3824.79
16244,8,1,1056.63
16246,95,2,821.35
16250,9,2,401.94
16251,148,1,128.31
16252,18,1,295.09000000000003
16253,56,5,3588.34
16254,14,3,967.44
16255,1,8,2284.34
16256,129,2,876.9399999999999
16258,23,10,6739.01
16259,46,3,340.94
16261,22,2,312.62
16262,14,1,755.15
16263,59,1,348.16
16264,74,2,823.53
16265,22,3,1488.17
16266,59,7,896.06
16267,227,1,186.66
16269,73,1,717.57
16271,93,5,1993.18
16273,284,2,318.34000000000003
16274,9,1,351.75
16275,110,2,1591.24
16276,115,2,1818.79
16277,369,1,188.69
16278,116,2,551.46
16279,21,6,4195.5
16280,361,1,238.05
16281,59,2,1361.96
16282,123,2,1139.28
16283,54,3,2779.51
16284,29,1,205.8
16285,282,1,176.9
16286,113,2,328.95
16287,12,4,864.48
16288,106,1,129.85
16289,98,1,136.31
16290,100,4,1957.7
16291,318,1,117.72
16292,16,4,951.51
16293,3,6,2408.96
16294,112,1,126.05000000000001
16296,262,4,1313.67
16298,33,4,487.5
16299,113,1,193.65
16300,66,3,1367.32
16301,372,1,107.33
16303,28,4,2567.64
16304,330,1,381.66
16306,3,2,560.55
16307,65,3,1194.92
16308,42,3,2560.0
16310,50,2,460.08
16312,68,1,171.15
16314,25,3,1491.4
16315,172,1,176.34
16316,16,5,2806.0
16317,186,2,850.86
16320,89,4,4590.53
16321,262,2,230.9
16323,213,1,146.16
16325,60,9,3003.26
16326,19,10,1682.03
16327,5,11,6874.97
16328,199,1,310.83
16329,63,4,1664.92
16330,60,4,373.46999999999997
16331,68,6,2037.7
16332,67,4,417.21
16334,128,1,263.73
16335,187,7,2753.52
16336,56,4,3517.69
16340,75,2,961.93
16341,73,3,1878.92
16343,43,1,285.54
16344,145,3,741.3199999999999
16345,119,1,613.33
16346,21,1,224.51
16347,24,9,2595.51
16348,66,1,328.77
16350,10,5,1137.42
16351,47,12,3176.13
16353,5,16,3323.75
16354,15,3,723.66
16355,11,1,416.35
16356,12,3,204.10000000000002
16357,17,1,209.49
16358,30,1,892.1500000000001
16359,12,7,946.83
16362,73,1,212.17000000000002
16365,3,7,1766.78
16366,218,3,1220.83
16367,19,1,549.8100000000001
16368,71,1,141.53
16369,72,4,1111.15
16371,84,1,157.2
16372,45,3,934.58
16373,18,2,309.49
16374,38,3,1256.67
16375,106,2,104.0
16377,253,1,632.28
16381,31,2,247.85
16382,44,2,353.1
16383,32,5,2252.93
16384,65,2,774.45
16385,2,3,473.69
16386,23,1,765.59
16387,31,4,788.1
16388,289,1,186.05
16390,172,3,467.5
16391,36,4,1052.26
16392,49,2,538.81
16393,5,11,2441.61
16395,29,9,2036.35
16396,112,1,137.8
16397,264,1,123.13
16399,25,1,222.20000000000002
16400,31,8,2755.92
16401,15,11,2750.83
16402,5,1,205.65
16406,86,2,374.01
16407,25,4,681.97
16408,227,1,231.93
16409,16,7,3629.76
16410,370,1,130.32
16411,5,3,673.24
16412,29,4,457.2
16413,11,1,259.83
16414,67,3,424.96000000000004
16415,219,2,496.49
16416,26,6,1906.48
16417,128,1,35.7
16418,44,2,397.62
16419,213,2,504.99
16420,32,1,75.0
16421,12,3,526.27
16422,5,59,28904.670000000002
16424,18,1,309.5
16428,49,3,638.49
16430,17,6,817.09
16433,44,1,200.26
16434,82,5,1161.89
16435,148,3,1003.0699999999999
16436,304,3,319.14
16437,17,2,301.25
16439,358,1,310.70000000000005
16440,129,1,216.3
16441,53,3,637.93
16442,240,2,282.68
16443,156,1,162.24
16444,26,13,2971.21
16445,22,3,352.65
16447,226,2,471.19
16448,107,1,178.13
16450,220,2,1193.81
16451,197,2,746.1800000000001
16452,266,2,332.17
16453,166,2,251.71
16454,242,2,24.05
16455,7,6,2535.69
16456,9,9,4630.16
16458,11,12,2208.15
16459,365,1,71.78999999999999
16461,226,2,1402.91
16465,56,2,746.24
16466,19,8,2171.13
16467,144,7,2869.16
16468,106,2,712.62
16469,150,1,178.48000000000002
16470,32,7,1664.08
16471,29,3,966.03
16472,70,2,789.6
16473,10,1,154.72
16476,67,1,350.35
16477,7,5,1825.56
16481,318,1,453.38
16485,68,4,1923.54
16486,173,1,134.36
16487,213,2,209.4
16489,16,2,303.7
16490,72,1,205.41000000000003
16491,49,1,801.66
16492,176,1,385.56
16493,80,3,780.46
16496,67,3,731.25
16497,49,17,3729.59
16499,10,6,2212.89
16500,10,3,443.05
16501,19,1,1191.23
16502,256,2,258.55
16503,31,7,2182.41
16507,208,1,142.71
16508,266,1,240.95
16510,8,6,1777.5
16511,33,3,842.16
16515,15,5,1554.92
16518,57,2,475.05
16519,1,3,327.68
16520,1,4,1427.57
16521,51,3,1140.11
16522,71,2,433.36
16523,51,7,2497.86
16524,82,2,306.19
16525,2,23,11535.29
16526,220,1,426.85
16527,60,1,1004.88
16529,113,3,1531.55
16530,304,1,48.35
16531,17,4,1053.74
16532,67,2,2007.84
16534,278,1,635.9
16535,21,2,378.28999999999996
16537,277,1,23.35
16538,177,3,395.07
16539,9,7,2343.2
16540,50,1,205.75
16541,371,1,424.03
16542,37,1,137.7
16543,227,1,292.21
16544,155,4,376.70000000000005
16545,11,1,350.52
16546,8,4,4819.32
16547,182,1,104.25999999999999
16548,235,1,30.15
16549,33,24,8746.9
16550,4,14,7069.27
16551,59,4,1315.0
16552,9,1,95.28999999999999
16553,32,21,10864.19
16554,22,5,2004.6200000000001
16555,141,4,1629.79
16556,11,10,4698.79
16558,2,19,5535.02
16559,33,1,175.0
16560,33,6,2206.9700000000003
16562,112,1,223.86
16563,36,5,3334.82
16564,205,1,87.80000000000001
16565,42,3,599.35
16568,63,2,1020.9
16569,267,4,1331.03
16570,15,10,3695.91
16571,31,7,2827.05
16574,59,2,850.34
16576,56,2,540.87
16577,302,1,380.0
16578,262,1,156.6
16579,61,1,295.05
16583,9,2,297.95
16584,68,3,2220.09
16585,229,2,341.59000000000003
16586,80,2,998.83
16588,22,4,1361.28
16589,86,1,153.12
16590,36,2,605.9
16592,11,12,3694.23
16593,26,5,741.11
16595,12,4,1397.59
16596,2,3,329.48
16599,21,1,172.8
16600,10,7,1339.89
16601,26,2,434.3
16602,24,1,235.25
16604,198,2,432.45000000000005
16605,360,1,60.48
16606,40,2,357.66
16607,35,11,2359.16
16608,89,2,1286.6200000000001
16611,39,5,1655.64
16612,15,5,2057.77
16614,38,2,673.6
16615,262,1,291.5
16619,19,3,1712.1200000000001
16620,25,4,1579.97
16622,179,1,225.4
16623,37,3,885.79
16625,58,4,1320.95
16628,43,2,130.05
16630,43,1,106.80000000000001
16631,117,7,1892.52
16632,121,2,406.4
16634,8,5,1596.71
16635,42,1,473.0
16636,74,4,3802.04
16638,4,6,749.8100000000001
16639,45,1,490.47
16640,33,1,179.4
16641,337,1,323.4
16642,51,1,389.12
16643,58,1,435.6
16645,371,1,160.39
16646,85,1,678.8
16647,78,2,327.84
16648,91,2,382.14
16649,156,1,306.58
16650,56,6,1397.69
16651,222,1,136.2
16652,40,9,10776.42
16654,4,5,1110.2
16655,47,7,2633.74
16656,56,15,8207.37
16658,4,6,690.83
16660,58,3,611.9
16661,176,4,932.76
16662,30,1,151.05
16663,365,1,165.0
16664,205,1,109.2
16666,257,1,98.73
16668,23,7,555.7
16670,29,9,3934.25
16673,315,1,171.13
16675,77,2,608.86
16676,38,2,769.78
16677,47,2,880.62
16679,2,3,663.31
16680,164,2,637.75
16681,277,1,151.5
16683,169,1,320.25
16684,15,27,80489.21
16686,25,9,1921.19
16687,26,1,157.63
16690,29,2,127.45
16691,54,2,178.83
16692,44,2,638.6999999999999
16693,47,3,701.62
16694,359,1,98.30000000000001
16695,197,2,191.9
16699,16,7,994.6
16700,2,13,4091.16
16701,59,13,4518.43
16702,51,4,1110.83
16704,254,2,664.16
16705,36,22,29480.061
16707,36,4,533.41
16709,15,9,6026.14
16710,4,13,3823.78
16711,15,4,1217.45
16712,37,2,621.5600000000001
16713,2,18,7619.21
16714,306,1,368.27
16715,198,1,323.8
16716,266,1,1248.48
16717,2,9,3127.85
16718,5,5,3006.08
16719,4,8,2174.13
16720,12,2,605.79
16722,2,11,4258.27
16723,79,2,654.96
16724,40,1,147.35
16725,7,8,1052.14
16726,19,2,705.14
16727,28,3,1121.45
16731,284,1,170.3
16732,39,3,3783.89
16733,165,1,259.68
16735,29,9,3970.0
16736,141,5,2956.56
16737,213,1,417.6
16739,172,1,463.43
16740,31,1,226.91
16741,261,1,173.06
16742,128,13,2334.9700000000003
16743,92,7,1999.02
16746,19,24,11366.64
16748,24,9,2121.43
16749,227,2,4157.88
16752,8,1,207.5
16754,8,29,65500.07
16755,103,4,1389.25
16756,40,6,1072.97
16757,45,1,163.65
16760,66,1,228.0
16763,374,1,352.85
16765,18,1,420.75
16767,54,4,2481.2
16768,19,6,1220.48
16769,114,3,755.51
16770,8,5,1152.63
16771,93,5,1706.99
16772,59,3,3698.05
16773,72,2,249.65
16774,59,4,905.96
16775,3,6,1361.23
16776,51,1,220.97
16777,49,3,1069.56
16779,2,32,22554.22
16780,43,1,174.16
16781,8,2,623.0
16782,1,26,7732.37
16783,72,1,391.95
16784,12,4,784.73
16785,45,1,533.78
16786,29,1,51.84
16787,33,4,1017.53
16788,40,3,1334.54
16791,19,8,2251.85
16792,19,3,513.08
16794,16,5,856.1999999999999
16795,1,3,2062.41
16797,29,5,1802.02
16798,190,3,841.16
16799,68,2,452.78000000000003
16802,315,2,582.61
16805,213,3,630.75
16807,106,3,1002.29
16809,68,4,812.74
16810,56,1,532.5
16812,14,3,1912.65
16814,5,16,5781.4400000000005
16815,89,2,406.02
16817,4,5,1200.15
16819,101,2,182.59
16821,17,1,113.35
16822,322,1,181.39
16823,23,6,1884.71
16824,29,1,225.6
16825,14,3,1051.71
16827,29,5,392.13
16829,24,1,316.1
16830,78,3,881.59
16831,200,1,91.8
16832,64,2,218.46
16833,75,2,1302.51
16834,310,1,485.5
16835,9,5,1357.56
16836,42,2,530.5
16838,166,2,570.76
16839,5,11,5716.14
16840,239,2,139.85
16841,64,6,2136.2400000000002
16843,58,19,9374.86
16844,198,2,614.34
16845,254,1,253.88
16846,213,2,628.09
16847,254,1,421.45
16848,12,3,1130.2
16854,53,2,1408.96
16856,53,2,323.09000000000003
16857,78,1,352.8
16858,4,10,4292.59
16859,52,5,1184.6
16860,88,3,1610.62
16861,26,3,772.83
16862,183,4,662.33
16863,2,2,495.72
16864,70,2,409.25
16865,37,1,130.95
16867,325,1,76.74000000000001
16868,30,3,384.56
16870,105,1,450.16
16872,63,3,533.11
16873,65,6,7493.77
16874,15,1,209.89000000000001
16875,73,6,2139.0
16876,39,1,136.01
16880,129,1,321.78000000000003
16883,7,18,2101.61
16884,192,2,641.13
16885,21,1,234.19
16886,92,1,134.0
16887,36,2,465.84000000000003
16888,36,3,434.2
16889,33,3,947.98
16890,112,3,285.41
16891,7,7,1202.77
16892,190,2,236.56
16893,2,2,249.89000000000001
16894,138,3,1306.96
16895,74,4,900.63
16896,191,1,103.95
16898,4,3,496.26
16899,14,2,424.71000000000004
16901,365,1,204.26
16903,16,2,678.55
16904,3,7,1360.31
16905,7,11,1923.57
16906,64,3,851.33
16907,1,5,722.0500000000001
16908,358,1,252.59
16911,271,2,255.25
16912,57,4,1904.93
16913,287,2,310.47
16915,22,5,921.5
16916,8,3,536.04
16917,268,1,1460.3600000000001
16918,58,10,2137.72
16919,4,14,2515.76
16920,47,1,355.45
16921,78,2,255.03
16922,208,1,611.08
16923,11,13,6088.05
16925,176,1,125.65
16926,7,5,1169.6100000000001
16928,9,13,1199.08
16931,5,3,629.4
16932,59,2,262.32
16933,25,7,2536.07
16934,19,4,1152.1100000000001
16935,17,3,530.86
16936,21,1,286.39
16937,135,1,196.25
16938,17,5,4283.68
16939,124,3,433.84999999999997
16940,86,5,3377.78
16941,247,1,33.0
16943,175,2,482.76
16944,245,1,101.36
16945,29,14,4202.66
16946,19,5,1222.04
16947,98,4,548.73
16948,65,4,433.75
16950,3,8,2535.21
16952,77,3,628.22
16954,15,11,3996.7999999999997
16955,4,4,790.74
16958,71,1,778.49
16960,26,5,1483.83
16961,24,2,560.39
16962,45,1,251.04
16964,369,2,207.85
16970,262,1,71.4
16972,18,2,749.0
16973,22,1,127.0
16974,158,2,365.5
16975,59,3,926.12
16977,31,4,496.0
16978,302,2,424.55
16979,19,3,1007.74
16980,64,1,394.37
16983,5,5,1748.15
16984,40,7,5891.01
16985,12,13,5459.04
16986,81,9,3015.55
16987,12,4,904.6
16988,15,1,256.55
16990,58,1,165.0
16991,57,1,1041.21
16992,23,8,3862.19
16993,99,2,1950.95
16996,18,3,666.6500000000001
16998,80,1,107.0
17000,32,2,406.3
17001,12,8,2651.23
17002,79,4,1077.82
17003,38,4,828.21
17004,28,2,1012.22
17005,106,2,622.36
17006,28,4,853.49
17007,73,1,230.17000000000002
17008,65,1,81.36
17009,187,1,242.06
17011,283,2,400.8
17012,361,1,360.61
17016,212,1,552.4
17017,1,13,5416.35
17018,23,4,1367.6
17019,4,8,2703.03
17020,178,2,935.62
17021,78,6,1182.22
17022,68,1,189.0
17023,53,3,800.1800000000001
17025,9,4,1152.8700000000001
17026,5,2,54.15
17027,82,3,433.07
17028,217,3,1593.83
17029,18,5,1421.3
17031,14,4,2393.5
17032,183,8,2984.32
17033,33,1,302.65000000000003
17034,45,2,530.9
17035,227,2,180.06
17036,19,1,176.9
17038,51,1,630.77
17039,240,1,1954.99
17040,186,1,13.52
17041,33,3,583.71
17043,11,4,858.47
17044,10,11,11013.82
17045,12,2,488.24
17046,80,4,1264.05
17047,67,3,1188.33
17048,73,4,1146.33
17049,11,10,4287.5
17050,11,5,1462.95
17051,82,3,465.6
17055,81,1,232.85000000000002
17056,374,1,128.60000000000002
17057,232,1,294.74
17059,5,5,2506.54
17062,1,4,645.8100000000001
17063,43,6,2177.39
17065,273,2,194.7
17066,362,1,228.34
17067,360,3,454.54
17068,4,27,4601.69
17069,9,6,3084.58
17070,46,1,133.18
17071,17,4,1364.68
17072,261,1,273.35
17074,198,1,203.05
17075,65,6,1402.51
17076,28,3,401.67
17077,214,1,306.0
17080,15,5,669.91
17081,31,4,660.48
17082,30,4,2728.18
17083,45,6,2644.01
17084,32,1,2253.22
17085,12,23,6285.27
17087,373,1,221.53
17089,22,1,128.45
17090,10,6,1105.53
17091,3,11,3961.44
17092,73,7,3737.38
17093,228,1,235.88
17094,59,1,100.2
17095,66,4,1248.09
17096,19,7,2675.8
17097,1,2,363.66
17098,17,3,591.07
17099,169,1,582.17
17101,30,3,885.32
17103,358,1,424.3
17104,59,1,474.03000000000003
17106,25,1,481.58000000000004
17107,33,4,5255.24
17108,299,1,174.95
17109,42,2,410.42
17110,156,2,336.6
17111,61,1,227.97
17112,138,1,197.57
17113,210,6,2305.59
17115,184,4,1923.99
17116,284,1,389.78
17121,38,1,314.74
17122,24,3,432.18
17123,75,2,631.87
17126,17,4,1026.98
17127,64,5,1155.0300000000002
17129,156,1,31.85
17132,88,2,1220.91
17133,110,5,9730.09
17134,78,1,212.1
17135,7,4,798.03
17136,298,1,231.68
17137,52,6,1099.81
17138,25,6,4036.77
17139,25,13,8915.99
17141,54,4,727.58
17142,40,3,696.25
17143,53,2,880.97
17145,148,4,3120.91
17146,71,10,5102.86
17147,88,5,1485.36
17149,87,1,143.10000000000002
17150,12,6,1357.95
17151,371,1,231.90000000000003
17152,61,1,327.0
17155,163,5,640.76
17156,127,1,591.87
17157,116,17,4832.900000000001
17158,183,2,713.03
17159,113,2,560.71
17160,10,11,6691.13
17161,80,1,856.01
17163,81,2,406.68
17165,17,5,1635.64
17167,15,3,867.11
17168,134,1,400.2
17169,214,1,320.95
17170,10,2,178.68
17171,297,1,159.68
17172,66,2,638.81
17176,162,2,596.1899999999999
17177,141,1,119.5
17178,367,1,432.96000000000004
17179,18,3,795.47
17180,58,7,1452.8
17181,9,2,225.45000000000002
17182,58,2,321.3
17184,205,2,198.41000000000003
17185,227,3,229.46
17187,162,1,263.76
17188,82,6,2118.7000000000003
17189,196,3,569.88
17190,39,5,1281.83
17191,4,11,2726.77
17192,172,1,75.28
17193,22,2,610.74
17194,166,1,549.88
17195,291,1,562.98
17196,63,1,327.75
17198,1,2,521.66
17199,218,1,135.04000000000002
17200,23,4,356.71
17201,159,3,853.32
17202,56,1,160.65
17203,24,4,2004.01
17204,10,5,3940.13
17205,52,2,615.27
17207,288,1,292.62
17208,31,1,111.15
17209,285,3,595.7
17210,28,1,251.72
17211,5,6,1729.43
17212,94,2,567.56
17213,2,7,2401.07
17215,100,1,186.15
17216,190,1,63.6
17217,255,1,96.6
17218,4,9,2226.96
17219,52,1,144.9
17220,53,7,1269.76
17221,227,3,642.14
17222,113,5,1250.8600000000001
17223,4,2,433.99
17224,137,1,100.86000000000001
17225,217,1,131.15
17226,80,2,501.98
17227,4,7,1081.8600000000001
17228,3,7,1269.89
17230,199,10,5750.08
17231,25,15,3940.08
17233,84,2,369.98
17235,8,7,1354.82
17236,46,6,1013.13
17237,11,2,679.44
17238,7,17,3982.66
17239,23,3,806.95
17240,232,1,130.60000000000002
17241,21,12,2736.64
17242,92,3,1754.24
17243,5,44,11920.43
17244,19,4,871.14
17245,325,1,200.18
17246,182,2,38.92
17248,117,1,181.89000000000001
17249,64,1,68.03
17251,18,2,529.15
17254,37,1,198.29
17255,26,2,490.21999999999997
17256,117,3,258.93
17257,72,2,189.78
17258,32,2,417.3
17259,4,5,1239.11
17260,47,1,120.95
17261,145,1,221.59
17262,2,7,1504.26
17264,60,1,268.28
17266,135,2,205.14
17268,81,7,970.25
17269,21,1,491.81
17270,105,2,601.45
17271,372,1,204.3
17273,60,1,141.12
17274,31,1,465.4
17275,19,1,114.1
17276,38,1,502.49
17278,201,1,25.2
17280,74,1,118.86
17281,10,6,797.85
17282,92,2,623.08
17283,14,1,188.46
17284,25,2,1140.58
17285,264,2,407.94
17286,36,2,237.81
17287,3,16,3000.5
17288,26,4,1050.8
17289,12,6,1110.78
17290,17,6,974.95
17292,108,2,271.75
17293,30,8,1896.57
17294,305,2,467.79
17296,366,1,338.13
17298,10,3,455.84
17299,75,2,336.62
17300,26,2,393.64
17301,260,1,131.15
17304,170,1,111.5
17305,284,1,2135.46
17306,29,2,1151.04
17307,31,11,3999.8900000000003
17308,29,2,4511.76
17309,17,2,237.64000000000001
17310,23,2,1025.1
17311,28,4,2181.71
17314,29,9,2376.51
17315,11,5,3318.35
17316,56,1,124.45
17318,361,1,157.32999999999998
17319,305,1,29.099999999999998
17320,4,4,1695.15
17321,30,4,1008.05
17322,12,5,922.59
17323,43,5,644.52
17324,2,9,1311.64
17325,46,2,512.77
17326,44,2,312.35
17327,45,2,152.35
17328,309,1,104.7
17329,367,3,475.42
17330,180,2,59.900000000000006
17332,164,5,838.27
17334,42,1,328.13
17335,19,2,497.04
17336,108,1,81.12
17338,11,9,5395.79
17339,1,2,119.0
17340,2,8,9935.93
17341,2,3,1006.53
17342,15,4,1227.54
17343,12,5,1066.3
17344,364,1,299.74
17345,11,6,1066.94
17346,9,12,2509.84
17348,73,4,1285.69
17349,16,4,674.16
17350,30,3,612.381
17351,63,9,1401.08
17352,332,1,36.25
17353,127,2,1502.0
17354,64,3,1740.8999999999999
17355,22,1,273.31
17356,190,4,768.25
17358,12,3,500.2
17359,284,1,156.6
17360,21,3,632.27
17361,312,2,383.59000000000003
17362,36,5,711.8100000000001
17363,31,3,920.46
17364,12,17,7510.24
17365,22,7,3417.13
17366,68,2,1077.24
17368,11,6,879.42
17369,91,1,979.2
17371,259,3,236.97
17372,17,20,3010.13
17373,54,3,520.58
17374,31,1,231.34
17375,67,1,260.45
17376,40,2,250.44
17377,1,60,14174.25
17378,10,1,10.95
17380,70,3,645.0
17381,4,12,19726.76
17382,71,7,836.88
17383,89,1,110.7
17384,103,1,171.15
17386,21,1,126.35000000000001
17388,56,7,1415.81
17389,10,27,25381.65
17390,56,1,149.3
17392,86,1,168.65
17393,46,2,381.15000000000003
17395,144,1,97.5
17396,7,7,1476.3
17397,52,1,516.87
17400,217,3,2525.44
17401,177,1,114.85
17402,5,12,2461.68
17403,86,1,118.95
17404,45,8,15874.300000000001
17406,2,11,2704.63
17407,47,1,552.9
17408,136,2,283.44
17409,57,8,7021.66
17411,22,2,646.44
17412,8,10,3159.46
17413,40,2,560.14
17414,59,4,1471.52
17416,29,15,10405.03
17417,184,1,164.18
17418,23,1,206.6
17419,3,8,2273.95
17420,9,4,485.6
17421,22,3,1059.41
17422,17,5,1615.39
17423,29,1,420.54
17426,88,7,3040.51
17428,4,18,14562.91
17429,32,2,832.54
17430,1,3,469.40999999999997
17432,21,7,1363.23
17433,21,1,266.8
17435,47,1,331.35
17436,44,3,317.76
17437,165,1,369.68
17438,80,4,1034.32
17439,291,1,325.74
17440,185,1,137.16
17441,368,1,293.35
17442,17,9,2371.7400000000002
17448,133,46,14523.67
17449,23,6,2348.94
17450,3,7,52422.3
17454,98,6,1030.41
17456,1,2,975.5600000000001
17457,15,9,4247.11
17458,17,1,213.08
17460,8,12,1605.8400000000001
17463,196,2,659.4
17464,158,2,617.1800000000001
17465,61,7,2542.79
17467,31,1,102.6
17468,11,1,57.8
17469,36,12,3180.28
17470,3,7,1679.8
17471,110,1,321.65000000000003
17472,264,1,224.81
17473,44,2,607.0
17474,235,1,1047.0
17476,31,2,489.86
17477,248,2,1144.3
17478,44,2,1272.8000000000002
17479,268,1,389.26000000000005
17480,80,1,370.41
17482,123,2,775.64
17483,50,1,177.69
17484,212,2,209.57
17487,364,1,160.55
17488,277,1,336.5
17490,24,2,658.1800000000001
17491,3,8,2422.2
17492,114,2,747.85
17493,21,1,100.91
17494,137,1,54.7
17495,26,1,309.16
17496,199,3,1141.84
17497,26,2,287.25
17499,197,1,718.51
17504,16,9,6493.14
17505,186,3,1289.64
17508,17,7,4191.92
17510,56,1,206.08
17511,3,31,84541.17
17512,88,8,2542.83
17513,44,2,645.6
17514,305,1,313.35
17515,30,5,963.49
17516,14,1,182.62
17518,61,2,329.42
17519,4,10,3265.4500000000003
17521,30,2,554.85
17524,74,2,394.14
17525,33,2,739.2
17526,1,9,2970.14
17529,246,2,1240.25
17530,1,3,725.21
17531,163,2,970.12
17532,21,1,65.34
17533,70,1,34.8
17534,87,4,1445.47
17536,56,2,288.33
17539,253,4,1176.84
17540,19,4,1011.7
17541,145,1,119.86
17542,277,2,170.1
17543,185,1,120.05
17544,26,3,944.82
17545,26,3,767.54
17547,11,2,727.85
17548,14,3,627.96
17550,33,6,2239.48
17552,8,10,2154.88
17553,108,3,2270.0
17555,61,3,565.43
17556,15,1,142.77
17557,368,1,34.0
17558,29,1,259.17
17559,148,1,167.62
17560,31,4,1040.85
17561,26,3,537.9
17563,214,2,392.38
17565,222,1,131.83
17567,8,2,1024.55
17568,269,1,374.45
17570,17,1,100.0
17571,178,1,205.23999999999998
17572,9,7,496.26000000000005
17575,303,1,171.7
17576,1,23,5266.77
17577,281,2,348.75
17578,110,6,903.87
17579,214,1,304.38
17580,12,2,325.3
17581,8,20,7712.71
17582,82,4,1271.68
17583,196,1,135.95
17584,103,4,4067.12
17585,81,3,948.03
17586,255,1,167.4
17587,264,1,176.71
17588,32,4,1699.35
17589,21,14,11433.77
17591,3,2,519.95
17592,374,1,148.3
17593,45,6,4168.46
17594,85,2,1504.7
17596,4,7,2075.7400000000002
17597,54,4,1439.72
17598,17,1,409.98
17599,113,1,52.05
17601,16,1,297.07
17602,108,8,2300.01
17603,253,3,1393.66
17604,58,4,633.02
17605,226,1,160.75
17606,373,1,87.30000000000001
17607,12,1,333.81
17608,85,2,296.07
17609,38,6,782.12
17610,176,5,1511.94
17611,57,13,4376.41
17612,15,12,3346.41
17615,23,3,392.2
17616,3,2,489.59999999999997
17617,194,1,385.19
17618,19,8,3071.36
17621,40,3,1795.22
17622,233,2,1130.21
17623,45,6,1838.72
17624,73,2,725.15
17625,82,4,3958.5
17626,238,1,254.0
17627,114,1,296.36
17629,24,2,641.4
17631,10,4,470.16
17633,15,3,732.55
17635,60,3,1265.58
17638,283,2,842.4000000000001
17639,23,5,506.67
17640,15,5,2547.28
17642,65,3,1112.2
17643,9,2,439.7
17644,30,9,3132.96
17646,1,10,3141.4
17647,305,2,198.6
17648,21,1,418.87
17649,105,2,710.4
17651,134,6,1758.52
17655,2,3,1013.54
17657,66,1,126.0
17659,8,3,835.33
17660,373,1,163.47
17662,297,2,412.92
17663,53,10,3372.92
17664,110,2,561.59
17665,129,1,563.1
17666,113,3,1319.6399999999999
17667,71,4,1895.19
17669,98,3,2735.63
17671,1,2,830.63
17672,53,5,2600.46
17673,11,7,2578.91
17674,4,1,300.66
17675,3,40,17885.32
17676,2,5,1378.16
17677,2,28,20329.68
17678,239,1,301.65
17679,157,5,1585.5
17680,19,2,313.05
17681,233,5,731.2
17682,4,6,1982.45
17683,21,3,819.01
17685,8,6,2751.64
17686,59,2,2557.35
17687,56,1,432.68
17688,29,1,304.2
17689,24,2,317.08
17690,2,8,2685.2
17691,4,3,489.65000000000003
17692,32,8,2234.86
17694,147,2,1412.85
17695,30,3,980.6999999999999
17696,18,19,5393.88
17699,112,2,442.0
17700,17,10,4145.33
17702,19,2,1319.67
17703,54,1,296.1
17705,91,2,260.38
17706,2,17,10245.49
17707,12,6,456.9
17708,38,2,620.85
17709,106,4,533.5600000000001
17710,59,1,293.5
17713,18,4,1198.09
17714,60,4,1257.18
17715,228,1,163.2
17716,32,13,10300.98
17717,57,1,376.92
17718,280,1,299.83
17720,3,7,1572.97
17721,295,1,307.21000000000004
17722,2,2,2006.32
17723,11,1,102.0
17726,31,7,1092.06
17728,40,2,1362.75
17729,232,1,438.65000000000003
17730,18,7,2475.32
17731,257,2,468.88
17732,8,8,2166.42
17734,161,3,741.69
17735,3,8,4134.91
17738,31,9,2304.51
17739,10,11,4939.24
17740,25,6,426.90000000000003
17741,42,2,101.1
17742,64,9,1743.3700000000001
17743,84,1,229.2
17744,16,1,326.74
17745,113,2,600.34
17746,107,3,793.9300000000001
17748,163,1,358.15
17749,182,1,351.66
17751,57,1,157.85999999999999
17753,100,4,382.06
17754,10,8,2786.57
17756,11,3,728.75
17757,4,28,3773.11
17758,63,4,1555.83
17759,29,2,441.92
17760,9,5,631.34
17762,92,1,129.75
17763,289,3,71.15
17764,38,3,741.02
17765,84,1,156.37
17766,17,2,299.61
17767,46,1,141.85
17768,23,4,1210.83
17769,19,7,3095.95
17771,72,2,141.6
17772,28,1,187.3
17773,150,2,575.37
17774,33,5,2060.1
17776,22,2,330.56
17778,297,1,197.70000000000002
17780,303,3,346.56
17782,18,2,679.02
17783,148,1,93.49
17784,186,1,112.86
17785,81,2,271.44
17787,7,1,736.28
17789,297,1,171.25
17790,14,6,815.11
17792,103,2,368.35
17794,322,2,147.3
17796,5,4,661.04
17797,31,5,1191.44
17798,217,1,178.07
17799,25,10,3207.76
17801,87,3,770.03
17802,8,8,3761.38
17803,28,1,184.66
17804,12,3,383.78000000000003
17805,246,1,414.72
17807,31,3,437.87
17808,184,4,262.64
17809,7,11,5925.4800000000005
17810,304,2,373.16
17811,10,8,1757.98
17812,4,4,405.48
17814,11,2,1609.37
17815,29,1,591.96
17816,1,3,75.75999999999999
17817,14,3,400.46999999999997
17818,373,1,124.78
17819,7,6,2907.65
17820,10,1,180.60999999999999
17821,42,1,334.62
17822,56,5,2162.93
17823,57,2,449.25
17825,234,4,701.96
17826,10,1,133.34
17827,257,1,388.84
17829,45,4,3867.5
17833,359,1,338.46000000000004
17834,50,2,689.6700000000001
17838,1,10,3786.7000000000003
17840,79,1,175.9
17841,1,91,29562.02
17842,238,1,430.69
17843,47,1,114.92
17845,191,4,596.09
17847,151,2,129.69
17848,53,21,2657.91
17849,116,4,457.96000000000004
17850,8,155,51208.87
17851,58,6,1552.35
17852,24,3,543.47
17853,43,3,1596.29
17854,98,4,757.24
17855,8,1,208.97
17857,1,2,1803.2
17858,5,19,7614.24
17860,4,4,717.39
17861,21,10,2990.41
17862,21,3,923.99
17863,5,7,2585.2
17864,21,2,321.72
17865,11,26,15785.87
17866,120,2,805.3000000000001
17867,46,9,424.18
17868,22,1,227.15
17869,4,3,599.78
17870,2,2,1213.8
17871,33,4,913.05
17872,17,1,235.87
17873,9,14,4621.320000000001
17875,324,1,167.1
17876,35,3,3424.02
17878,31,2,999.48
17880,275,2,366.0
17882,15,2,291.56
17883,175,3,324.08
17884,4,18,2325.92
17886,73,3,703.27
17888,10,17,1091.44
17889,10,5,545.05
17894,2,11,1292.39
17897,3,8,1968.75
17898,88,2,147.12
17901,157,2,149.7
17902,182,1,216.4
17903,30,1,381.09000000000003
17905,9,10,1580.38
17907,276,1,291.76
17908,9,5,1142.47
17909,373,1,110.05
17910,362,1,261.7
17912,11,1,64.49
17913,36,12,3020.64
17915,187,1,225.78
17916,264,2,43.87
17918,136,3,396.39
17919,74,1,536.28
17920,4,39,20137.24
17921,15,6,1574.13
17922,179,1,170.4
17923,163,2,289.5
17924,9,2,574.2
17925,8,1,244.08
17926,80,3,638.2
17927,357,1,294.0
17928,207,1,128.7
17929,23,8,2239.1
17930,29,8,2534.7400000000002
17931,33,12,2993.88
17933,268,1,114.69
17934,42,1,344.90000000000003
17935,36,5,540.35
17938,56,1,144.29
17940,81,6,26286.75
17941,226,3,1128.72
17944,59,1,74.99
17945,332,3,360.35
17949,7,74,60117.6
17950,1,6,947.26
17951,9,2,627.5400000000001
17952,14,4,788.46
17953,176,1,159.17000000000002
17954,3,9,1618.93
17955,291,2,392.6
17958,364,1,465.41999999999996
17959,228,1,140.75
17960,158,2,61.300000000000004
17961,8,62,1697.85
17962,185,3,564.55
17963,107,4,643.16
17964,8,1,261.76
17965,1,17,4558.01
17966,227,5,865.49
17967,7,2,223.42
17968,9,4,590.44
17969,138,18,2126.09
17971,184,1,161.94
17974,17,3,1035.1
17975,2,12,2527.17
17976,8,1,321.79
17977,36,1,1223.31
17978,1,4,1159.99
17980,29,1,201.27
17981,46,1,239.12
17982,316,1,138.18
17983,31,1,171.71
17984,28,4,999.51
17987,12,4,766.87
17988,123,7,288.42
17989,15,1,207.33
17990,16,3,896.7700000000001
17991,227,1,206.95
17992,25,1,252.88
17993,253,1,225.99
17994,24,7,1595.1399999999999
17995,18,2,419.38
17996,15,3,482.33
17998,16,3,639.24
17999,2,2,338.41
18000,200,1,124.25
18001,85,4,509.01
18002,11,4,244.37
18003,12,1,353.51
18006,17,3,524.83
18007,28,1,215.22
18008,51,14,17642.89
18009,178,7,1896.84
18011,9,2,410.79
18012,359,1,115.3
18016,46,2,476.90000000000003
18017,67,1,165.0
18018,35,2,175.85
18020,179,1,190.48000000000002
18021,145,2,216.41
18022,21,4,894.53
18025,15,6,1177.72
18026,136,2,2074.07
18028,219,1,192.05
18029,278,1,433.77
18031,14,1,451.3
18034,11,1,335.52
18035,21,2,546.34
18036,21,8,1142.37
18037,57,9,97.39999999999999
18038,192,1,141.48
18039,10,4,548.22
18041,1,20,4536.29
18042,177,1,116.10000000000001
18043,2,1,287.91
18044,23,8,1417.01
18046,285,1,189.63
18047,17,2,326.09
18048,129,1,222.64000000000001
18049,73,2,500.92
18050,29,1,337.66
18051,270,7,2282.28
18052,200,1,10877.18
18053,161,2,271.05
18054,28,1,176.5
18055,3,6,4381.78
18056,254,1,190.95
18057,29,3,1188.46
18058,177,2,603.9
18060,44,2,1185.46
18061,2,19,4369.56
18062,22,3,912.15
18063,26,2,186.60000000000002
18064,82,9,3667.83
18065,24,15,3473.8
18066,22,2,1122.4
18069,19,6,2455.68
18070,305,1,314.1
18071,1,5,975.63
18074,9,2,1019.44
18075,10,10,3171.54
18076,16,1,151.49
18077,2,8,1699.25
18078,61,2,389.4
18079,127,1,590.78
18083,33,1,463.53
18084,19,2,704.75
18085,9,3,955.8000000000001
18087,15,15,10705.8
18089,82,1,428.45
18090,57,1,321.9
18091,229,1,360.85
18092,1,8,7111.18
18093,80,4,2346.19
18094,82,6,3374.22
18095,63,3,1723.04
18096,78,3,808.81
18097,21,5,1965.52
18098,32,1,527.94
18100,186,1,451.56
18101,10,3,399.61
18102,1,89,349164.35
18103,185,1,105.8
18106,112,5,1019.16
18107,78,1,165.88
18108,232,2,577.8100000000001
18109,5,13,1828.24
18110,47,1,193.48000000000002
18111,225,1,405.85
18112,54,2,420.66999999999996
18113,4,1,76.32000000000001
18115,333,1,9.700000000000001
18116,12,5,731.38
18118,5,4,1068.05
18119,3,1,180.7
18123,149,1,92.2
18124,108,1,102.65
18127,39,1,209.05
18128,173,1,399.29
18131,267,1,222.95999999999998
18132,140,1,220.13
18134,234,2,445.0
18135,28,5,567.71
18136,45,2,847.03
18137,187,2,145.99
18140,109,1,536.41
18141,37,2,882.47
18144,9,8,2169.25
18145,18,7,2748.19
18148,282,1,112.85000000000001
18149,40,4,941.88
18151,56,4,1226.09
18152,282,1,426.69
18153,295,1,246.22
18154,24,3,533.41
18156,5,1,186.88
18157,207,1,213.9
18160,22,1,365.82
18161,15,1,184.41
18162,368,1,371.51
18163,220,1,728.84
18166,259,1,175.5
18168,8,11,2538.7599999999998
18170,10,6,1897.69
18171,106,4,1206.0
18172,23,32,9905.56
18173,248,1,589.52
18174,239,1,58.5
18175,311,1,176.10000000000002
18177,196,3,875.45
18178,38,7,4512.93
18179,158,2,754.38
18181,36,4,821.49
18182,99,1,291.13
18186,358,1,329.58000000000004
18187,267,1,724.89
18188,66,3,1279.55
18189,261,1,313.49
18190,239,3,461.16
18191,113,1,321.6
18193,16,2,963.59
18194,74,5,3188.2
18195,23,1,101.16
18196,107,2,770.56
18197,211,1,230.1
18199,319,1,344.75
18201,358,1,447.53000000000003
18203,17,3,332.1
18206,189,1,314.65999999999997
18207,135,1,544.47
18208,201,1,360.08
18210,18,1,147.45
18212,313,1,298.3
18214,166,4,1780.34
18215,73,4,1933.15
18217,149,2,323.29
18218,232,2,479.91999999999996
18219,4,8,1493.1200000000001
18220,30,5,1616.48
18221,26,1,383.33
18223,23,12,7516.31
18225,1,15,7539.84
18226,14,15,6650.83
18227,120,1,295.0
18229,2,10,3526.81
18230,14,2,1480.8600000000001
18231,42,23,4782.400000000001
18234,187,1,179.6
18236,24,6,913.11
18238,151,1,270.92
18239,8,2,588.75
18241,51,4,913.9
18242,81,4,1372.72
18243,50,1,515.78
18244,66,2,568.64
18245,15,13,3757.92
18246,245,1,162.72
18247,50,3,839.73
18251,81,8,21964.14
18252,184,5,1015.42
18253,278,1,317.88
18254,217,1,267.9
18255,92,1,199.85
18256,23,1,110.69999999999999
18257,82,4,2262.52
18258,100,6,2059.67
18259,2,5,1979.6000000000001
18260,10,17,7318.91
18262,29,2,428.06
18264,134,1,603.25
18266,70,1,251.1
18267,308,1,269.37
18268,227,5,1464.73
18269,2,1,168.60000000000002
18270,68,1,161.4
18271,245,2,680.85
18272,184,3,1307.4
18273,226,1,153.0
18275,214,2,741.85
18276,28,5,1320.66
18277,33,4,1069.67
18278,40,1,240.3
18279,155,1,231.34
18280,30,1,307.55
18281,213,1,120.32
18283,18,6,619.37
18284,67,1,461.68
18285,296,1,427.0
18286,112,2,1296.43
18287,18,4,2345.71
